[      97ms] [LOG] [Fast Refresh] done in 50ms @ http://localhost:3000/_next/static/chunks/node_modules_next_dist_1e8vcs8._.js:776
[     202ms] [INFO] %cDownload the React DevTools for a better development experience: https://react.dev/link/react-devtools font-weight:bold @ http://localhost:3000/_next/static/chunks/node_modules_next_dist_1e8vcs8._.js:776
[     237ms] [LOG] [HMR] connected @ http://localhost:3000/_next/static/chunks/node_modules_next_dist_1e8vcs8._.js:776
[     413ms] [WARNING] [kit-landing] CtaFinal → h2: 9 palabras (presupuesto: 8 — tabla de 52-COPY). Recorta el copy en docs/copy/landing.md; el límite no se negocia en el componente. @ http://localhost:3000/_next/static/chunks/node_modules_next_dist_1e8vcs8._.js:776
[     414ms] [WARNING] [kit-landing] CtaFinal → h2: 9 palabras (presupuesto: 8 — tabla de 52-COPY). Recorta el copy en docs/copy/landing.md; el límite no se negocia en el componente. @ http://localhost:3000/_next/static/chunks/node_modules_next_dist_1e8vcs8._.js:776
[     570ms] [WARNING] [kit-landing] CtaFinal → h2: 9 palabras (presupuesto: 8 — tabla de 52-COPY). Recorta el copy en docs/copy/landing.md; el límite no se negocia en el componente. @ http://localhost:3000/_next/static/chunks/node_modules_next_dist_1e8vcs8._.js:776
[     571ms] [WARNING] [kit-landing] CtaFinal → h2: 9 palabras (presupuesto: 8 — tabla de 52-COPY). Recorta el copy en docs/copy/landing.md; el límite no se negocia en el componente. @ http://localhost:3000/_next/static/chunks/node_modules_next_dist_1e8vcs8._.js:776
[     592ms] [LOG] [Fast Refresh] rebuilding @ http://localhost:3000/_next/static/chunks/node_modules_next_dist_1e8vcs8._.js:776
[     594ms] [LOG] [Fast Refresh] done in 130ms @ http://localhost:3000/_next/static/chunks/node_modules_next_dist_1e8vcs8._.js:776
[   60161ms] [LOG] [Fast Refresh] rebuilding @ http://localhost:3000/_next/static/chunks/node_modules_next_dist_1e8vcs8._.js:776
[   60234ms] [WARNING] [kit-landing] CtaFinal → h2: 9 palabras (presupuesto: 8 — tabla de 52-COPY). Recorta el copy en docs/copy/landing.md; el límite no se negocia en el componente. @ http://localhost:3000/_next/static/chunks/node_modules_next_dist_1e8vcs8._.js:776
[   60236ms] [WARNING] [kit-landing] CtaFinal → h2: 9 palabras (presupuesto: 8 — tabla de 52-COPY). Recorta el copy en docs/copy/landing.md; el límite no se negocia en el componente. @ http://localhost:3000/_next/static/chunks/node_modules_next_dist_1e8vcs8._.js:776
[   60328ms] [LOG] [Fast Refresh] done in 51ms @ http://localhost:3000/_next/static/chunks/node_modules_next_dist_1e8vcs8._.js:776
[   60330ms] [LOG] [Fast Refresh] done in 51ms @ http://localhost:3000/_next/static/chunks/node_modules_next_dist_1e8vcs8._.js:776
[   60386ms] [LOG] [Fast Refresh] done in 51ms @ http://localhost:3000/_next/static/chunks/node_modules_next_dist_1e8vcs8._.js:776
[   60429ms] [WARNING] [kit-landing] CtaFinal → h2: 9 palabras (presupuesto: 8 — tabla de 52-COPY). Recorta el copy en docs/copy/landing.md; el límite no se negocia en el componente. @ http://localhost:3000/_next/static/chunks/node_modules_next_dist_1e8vcs8._.js:776
[   60430ms] [WARNING] [kit-landing] CtaFinal → h2: 9 palabras (presupuesto: 8 — tabla de 52-COPY). Recorta el copy en docs/copy/landing.md; el límite no se negocia en el componente. @ http://localhost:3000/_next/static/chunks/node_modules_next_dist_1e8vcs8._.js:776
[   60452ms] [LOG] [Fast Refresh] done in 51ms @ http://localhost:3000/_next/static/chunks/node_modules_next_dist_1e8vcs8._.js:776
[   60507ms] [LOG] [Fast Refresh] done in 51ms @ http://localhost:3000/_next/static/chunks/node_modules_next_dist_1e8vcs8._.js:776
[   60569ms] [LOG] [Fast Refresh] done in 51ms @ http://localhost:3000/_next/static/chunks/node_modules_next_dist_1e8vcs8._.js:776
[   60632ms] [LOG] [Fast Refresh] done in 51ms @ http://localhost:3000/_next/static/chunks/node_modules_next_dist_1e8vcs8._.js:776
[   60695ms] [LOG] [Fast Refresh] done in 51ms @ http://localhost:3000/_next/static/chunks/node_modules_next_dist_1e8vcs8._.js:776
[   60756ms] [LOG] [Fast Refresh] done in 51ms @ http://localhost:3000/_next/static/chunks/node_modules_next_dist_1e8vcs8._.js:776
[   60817ms] [LOG] [Fast Refresh] done in 51ms @ http://localhost:3000/_next/static/chunks/node_modules_next_dist_1e8vcs8._.js:776
[   60880ms] [LOG] [Fast Refresh] done in 51ms @ http://localhost:3000/_next/static/chunks/node_modules_next_dist_1e8vcs8._.js:776
[   60942ms] [LOG] [Fast Refresh] done in 51ms @ http://localhost:3000/_next/static/chunks/node_modules_next_dist_1e8vcs8._.js:776
[   61005ms] [LOG] [Fast Refresh] done in 51ms @ http://localhost:3000/_next/static/chunks/node_modules_next_dist_1e8vcs8._.js:776
[   61068ms] [LOG] [Fast Refresh] done in 51ms @ http://localhost:3000/_next/static/chunks/node_modules_next_dist_1e8vcs8._.js:776
[   61131ms] [LOG] [Fast Refresh] done in 51ms @ http://localhost:3000/_next/static/chunks/node_modules_next_dist_1e8vcs8._.js:776
[   61194ms] [LOG] [Fast Refresh] done in 51ms @ http://localhost:3000/_next/static/chunks/node_modules_next_dist_1e8vcs8._.js:776
[   61256ms] [LOG] [Fast Refresh] done in 51ms @ http://localhost:3000/_next/static/chunks/node_modules_next_dist_1e8vcs8._.js:776
[   61319ms] [LOG] [Fast Refresh] done in 51ms @ http://localhost:3000/_next/static/chunks/node_modules_next_dist_1e8vcs8._.js:776
[   61380ms] [LOG] [Fast Refresh] done in 51ms @ http://localhost:3000/_next/static/chunks/node_modules_next_dist_1e8vcs8._.js:776
[   61444ms] [LOG] [Fast Refresh] done in 51ms @ http://localhost:3000/_next/static/chunks/node_modules_next_dist_1e8vcs8._.js:776
[   61505ms] [LOG] [Fast Refresh] done in 51ms @ http://localhost:3000/_next/static/chunks/node_modules_next_dist_1e8vcs8._.js:776
[   61568ms] [LOG] [Fast Refresh] done in 51ms @ http://localhost:3000/_next/static/chunks/node_modules_next_dist_1e8vcs8._.js:776
[   61630ms] [LOG] [Fast Refresh] done in 51ms @ http://localhost:3000/_next/static/chunks/node_modules_next_dist_1e8vcs8._.js:776
[   61692ms] [LOG] [Fast Refresh] done in 51ms @ http://localhost:3000/_next/static/chunks/node_modules_next_dist_1e8vcs8._.js:776
[   61754ms] [LOG] [Fast Refresh] done in 51ms @ http://localhost:3000/_next/static/chunks/node_modules_next_dist_1e8vcs8._.js:776
[   61816ms] [LOG] [Fast Refresh] done in 51ms @ http://localhost:3000/_next/static/chunks/node_modules_next_dist_1e8vcs8._.js:776
[   61879ms] [LOG] [Fast Refresh] done in 51ms @ http://localhost:3000/_next/static/chunks/node_modules_next_dist_1e8vcs8._.js:776
[   61941ms] [LOG] [Fast Refresh] done in 51ms @ http://localhost:3000/_next/static/chunks/node_modules_next_dist_1e8vcs8._.js:776
[   62002ms] [LOG] [Fast Refresh] done in 51ms @ http://localhost:3000/_next/static/chunks/node_modules_next_dist_1e8vcs8._.js:776
[   62066ms] [LOG] [Fast Refresh] done in 51ms @ http://localhost:3000/_next/static/chunks/node_modules_next_dist_1e8vcs8._.js:776
[   62128ms] [LOG] [Fast Refresh] done in 51ms @ http://localhost:3000/_next/static/chunks/node_modules_next_dist_1e8vcs8._.js:776
[   62190ms] [LOG] [Fast Refresh] done in 51ms @ http://localhost:3000/_next/static/chunks/node_modules_next_dist_1e8vcs8._.js:776
[   62253ms] [LOG] [Fast Refresh] done in 51ms @ http://localhost:3000/_next/static/chunks/node_modules_next_dist_1e8vcs8._.js:776
[   62315ms] [LOG] [Fast Refresh] done in 51ms @ http://localhost:3000/_next/static/chunks/node_modules_next_dist_1e8vcs8._.js:776
[   62378ms] [LOG] [Fast Refresh] done in 51ms @ http://localhost:3000/_next/static/chunks/node_modules_next_dist_1e8vcs8._.js:776
[   62441ms] [LOG] [Fast Refresh] done in 51ms @ http://localhost:3000/_next/static/chunks/node_modules_next_dist_1e8vcs8._.js:776
[   62503ms] [LOG] [Fast Refresh] done in 51ms @ http://localhost:3000/_next/static/chunks/node_modules_next_dist_1e8vcs8._.js:776
[   62566ms] [LOG] [Fast Refresh] done in 51ms @ http://localhost:3000/_next/static/chunks/node_modules_next_dist_1e8vcs8._.js:776
[   62629ms] [LOG] [Fast Refresh] done in 51ms @ http://localhost:3000/_next/static/chunks/node_modules_next_dist_1e8vcs8._.js:776
[   62690ms] [LOG] [Fast Refresh] done in 51ms @ http://localhost:3000/_next/static/chunks/node_modules_next_dist_1e8vcs8._.js:776
[   62753ms] [LOG] [Fast Refresh] done in 51ms @ http://localhost:3000/_next/static/chunks/node_modules_next_dist_1e8vcs8._.js:776
[   62814ms] [LOG] [Fast Refresh] done in 51ms @ http://localhost:3000/_next/static/chunks/node_modules_next_dist_1e8vcs8._.js:776
[   62875ms] [LOG] [Fast Refresh] done in 51ms @ http://localhost:3000/_next/static/chunks/node_modules_next_dist_1e8vcs8._.js:776
[   62936ms] [LOG] [Fast Refresh] done in 51ms @ http://localhost:3000/_next/static/chunks/node_modules_next_dist_1e8vcs8._.js:776
[   62998ms] [LOG] [Fast Refresh] done in 51ms @ http://localhost:3000/_next/static/chunks/node_modules_next_dist_1e8vcs8._.js:776
[   63062ms] [LOG] [Fast Refresh] done in 51ms @ http://localhost:3000/_next/static/chunks/node_modules_next_dist_1e8vcs8._.js:776
[   63124ms] [LOG] [Fast Refresh] done in 51ms @ http://localhost:3000/_next/static/chunks/node_modules_next_dist_1e8vcs8._.js:776
[   63187ms] [LOG] [Fast Refresh] done in 51ms @ http://localhost:3000/_next/static/chunks/node_modules_next_dist_1e8vcs8._.js:776
[   63249ms] [LOG] [Fast Refresh] done in 51ms @ http://localhost:3000/_next/static/chunks/node_modules_next_dist_1e8vcs8._.js:776
[   63311ms] [LOG] [Fast Refresh] done in 51ms @ http://localhost:3000/_next/static/chunks/node_modules_next_dist_1e8vcs8._.js:776
[   63374ms] [LOG] [Fast Refresh] done in 51ms @ http://localhost:3000/_next/static/chunks/node_modules_next_dist_1e8vcs8._.js:776
[   63437ms] [LOG] [Fast Refresh] done in 51ms @ http://localhost:3000/_next/static/chunks/node_modules_next_dist_1e8vcs8._.js:776
[   63500ms] [LOG] [Fast Refresh] done in 51ms @ http://localhost:3000/_next/static/chunks/node_modules_next_dist_1e8vcs8._.js:776
[   63563ms] [LOG] [Fast Refresh] done in 51ms @ http://localhost:3000/_next/static/chunks/node_modules_next_dist_1e8vcs8._.js:776
[   63625ms] [LOG] [Fast Refresh] done in 51ms @ http://localhost:3000/_next/static/chunks/node_modules_next_dist_1e8vcs8._.js:776
[   63687ms] [LOG] [Fast Refresh] done in 51ms @ http://localhost:3000/_next/static/chunks/node_modules_next_dist_1e8vcs8._.js:776
[   63751ms] [LOG] [Fast Refresh] done in 51ms @ http://localhost:3000/_next/static/chunks/node_modules_next_dist_1e8vcs8._.js:776
[   63814ms] [LOG] [Fast Refresh] done in 51ms @ http://localhost:3000/_next/static/chunks/node_modules_next_dist_1e8vcs8._.js:776
[   63877ms] [LOG] [Fast Refresh] done in 51ms @ http://localhost:3000/_next/static/chunks/node_modules_next_dist_1e8vcs8._.js:776
[   63939ms] [LOG] [Fast Refresh] done in 51ms @ http://localhost:3000/_next/static/chunks/node_modules_next_dist_1e8vcs8._.js:776
[   64003ms] [LOG] [Fast Refresh] done in 51ms @ http://localhost:3000/_next/static/chunks/node_modules_next_dist_1e8vcs8._.js:776
[   64066ms] [LOG] [Fast Refresh] done in 51ms @ http://localhost:3000/_next/static/chunks/node_modules_next_dist_1e8vcs8._.js:776
[   64128ms] [LOG] [Fast Refresh] done in 51ms @ http://localhost:3000/_next/static/chunks/node_modules_next_dist_1e8vcs8._.js:776
[   64190ms] [LOG] [Fast Refresh] done in 51ms @ http://localhost:3000/_next/static/chunks/node_modules_next_dist_1e8vcs8._.js:776
[   64253ms] [LOG] [Fast Refresh] done in 51ms @ http://localhost:3000/_next/static/chunks/node_modules_next_dist_1e8vcs8._.js:776
[   64316ms] [LOG] [Fast Refresh] done in 51ms @ http://localhost:3000/_next/static/chunks/node_modules_next_dist_1e8vcs8._.js:776
[   64380ms] [LOG] [Fast Refresh] done in 51ms @ http://localhost:3000/_next/static/chunks/node_modules_next_dist_1e8vcs8._.js:776
[   64443ms] [LOG] [Fast Refresh] done in 51ms @ http://localhost:3000/_next/static/chunks/node_modules_next_dist_1e8vcs8._.js:776
[   64506ms] [LOG] [Fast Refresh] done in 51ms @ http://localhost:3000/_next/static/chunks/node_modules_next_dist_1e8vcs8._.js:776
[   64567ms] [LOG] [Fast Refresh] done in 51ms @ http://localhost:3000/_next/static/chunks/node_modules_next_dist_1e8vcs8._.js:776
[   64630ms] [LOG] [Fast Refresh] done in 51ms @ http://localhost:3000/_next/static/chunks/node_modules_next_dist_1e8vcs8._.js:776
[   64695ms] [LOG] [Fast Refresh] done in 51ms @ http://localhost:3000/_next/static/chunks/node_modules_next_dist_1e8vcs8._.js:776
[   64757ms] [LOG] [Fast Refresh] done in 51ms @ http://localhost:3000/_next/static/chunks/node_modules_next_dist_1e8vcs8._.js:776
[   64820ms] [LOG] [Fast Refresh] done in 51ms @ http://localhost:3000/_next/static/chunks/node_modules_next_dist_1e8vcs8._.js:776
[   64882ms] [LOG] [Fast Refresh] done in 51ms @ http://localhost:3000/_next/static/chunks/node_modules_next_dist_1e8vcs8._.js:776
[   64946ms] [LOG] [Fast Refresh] done in 51ms @ http://localhost:3000/_next/static/chunks/node_modules_next_dist_1e8vcs8._.js:776
[   65008ms] [LOG] [Fast Refresh] done in 51ms @ http://localhost:3000/_next/static/chunks/node_modules_next_dist_1e8vcs8._.js:776
[   65069ms] [LOG] [Fast Refresh] done in 51ms @ http://localhost:3000/_next/static/chunks/node_modules_next_dist_1e8vcs8._.js:776
[   65133ms] [LOG] [Fast Refresh] done in 51ms @ http://localhost:3000/_next/static/chunks/node_modules_next_dist_1e8vcs8._.js:776
[   65193ms] [LOG] [Fast Refresh] done in 51ms @ http://localhost:3000/_next/static/chunks/node_modules_next_dist_1e8vcs8._.js:776
[   65256ms] [LOG] [Fast Refresh] done in 51ms @ http://localhost:3000/_next/static/chunks/node_modules_next_dist_1e8vcs8._.js:776
[   65319ms] [LOG] [Fast Refresh] done in 51ms @ http://localhost:3000/_next/static/chunks/node_modules_next_dist_1e8vcs8._.js:776
[   65382ms] [LOG] [Fast Refresh] done in 51ms @ http://localhost:3000/_next/static/chunks/node_modules_next_dist_1e8vcs8._.js:776
[   65445ms] [LOG] [Fast Refresh] done in 51ms @ http://localhost:3000/_next/static/chunks/node_modules_next_dist_1e8vcs8._.js:776
[   65508ms] [LOG] [Fast Refresh] done in 51ms @ http://localhost:3000/_next/static/chunks/node_modules_next_dist_1e8vcs8._.js:776
[   65573ms] [LOG] [Fast Refresh] done in 51ms @ http://localhost:3000/_next/static/chunks/node_modules_next_dist_1e8vcs8._.js:776
[   65633ms] [LOG] [Fast Refresh] done in 51ms @ http://localhost:3000/_next/static/chunks/node_modules_next_dist_1e8vcs8._.js:776
[   65695ms] [LOG] [Fast Refresh] done in 51ms @ http://localhost:3000/_next/static/chunks/node_modules_next_dist_1e8vcs8._.js:776
[   65757ms] [LOG] [Fast Refresh] done in 51ms @ http://localhost:3000/_next/static/chunks/node_modules_next_dist_1e8vcs8._.js:776
[   65819ms] [LOG] [Fast Refresh] done in 51ms @ http://localhost:3000/_next/static/chunks/node_modules_next_dist_1e8vcs8._.js:776
[   65881ms] [LOG] [Fast Refresh] done in 51ms @ http://localhost:3000/_next/static/chunks/node_modules_next_dist_1e8vcs8._.js:776
[   65944ms] [LOG] [Fast Refresh] done in 51ms @ http://localhost:3000/_next/static/chunks/node_modules_next_dist_1e8vcs8._.js:776
[   66007ms] [LOG] [Fast Refresh] done in 51ms @ http://localhost:3000/_next/static/chunks/node_modules_next_dist_1e8vcs8._.js:776
[   66070ms] [LOG] [Fast Refresh] done in 51ms @ http://localhost:3000/_next/static/chunks/node_modules_next_dist_1e8vcs8._.js:776
[   66131ms] [LOG] [Fast Refresh] done in 51ms @ http://localhost:3000/_next/static/chunks/node_modules_next_dist_1e8vcs8._.js:776
[   66193ms] [LOG] [Fast Refresh] done in 51ms @ http://localhost:3000/_next/static/chunks/node_modules_next_dist_1e8vcs8._.js:776
[   66254ms] [LOG] [Fast Refresh] done in 51ms @ http://localhost:3000/_next/static/chunks/node_modules_next_dist_1e8vcs8._.js:776
[   66317ms] [LOG] [Fast Refresh] done in 51ms @ http://localhost:3000/_next/static/chunks/node_modules_next_dist_1e8vcs8._.js:776
[   66378ms] [LOG] [Fast Refresh] done in 51ms @ http://localhost:3000/_next/static/chunks/node_modules_next_dist_1e8vcs8._.js:776
[   66456ms] [LOG] [Fast Refresh] done in 51ms @ http://localhost:3000/_next/static/chunks/node_modules_next_dist_1e8vcs8._.js:776
[   66518ms] [LOG] [Fast Refresh] done in 51ms @ http://localhost:3000/_next/static/chunks/node_modules_next_dist_1e8vcs8._.js:776
[   66580ms] [LOG] [Fast Refresh] done in 51ms @ http://localhost:3000/_next/static/chunks/node_modules_next_dist_1e8vcs8._.js:776
[   66639ms] [LOG] [Fast Refresh] done in 51ms @ http://localhost:3000/_next/static/chunks/node_modules_next_dist_1e8vcs8._.js:776
[   66701ms] [LOG] [Fast Refresh] done in 51ms @ http://localhost:3000/_next/static/chunks/node_modules_next_dist_1e8vcs8._.js:776
[   66764ms] [LOG] [Fast Refresh] done in 51ms @ http://localhost:3000/_next/static/chunks/node_modules_next_dist_1e8vcs8._.js:776
[   66826ms] [LOG] [Fast Refresh] done in 51ms @ http://localhost:3000/_next/static/chunks/node_modules_next_dist_1e8vcs8._.js:776
[   66889ms] [LOG] [Fast Refresh] done in 51ms @ http://localhost:3000/_next/static/chunks/node_modules_next_dist_1e8vcs8._.js:776
[   66951ms] [LOG] [Fast Refresh] done in 51ms @ http://localhost:3000/_next/static/chunks/node_modules_next_dist_1e8vcs8._.js:776
[   67015ms] [LOG] [Fast Refresh] done in 51ms @ http://localhost:3000/_next/static/chunks/node_modules_next_dist_1e8vcs8._.js:776
[   67078ms] [LOG] [Fast Refresh] done in 51ms @ http://localhost:3000/_next/static/chunks/node_modules_next_dist_1e8vcs8._.js:776
[   67141ms] [LOG] [Fast Refresh] done in 51ms @ http://localhost:3000/_next/static/chunks/node_modules_next_dist_1e8vcs8._.js:776
[   67204ms] [LOG] [Fast Refresh] done in 51ms @ http://localhost:3000/_next/static/chunks/node_modules_next_dist_1e8vcs8._.js:776
[   67267ms] [LOG] [Fast Refresh] done in 51ms @ http://localhost:3000/_next/static/chunks/node_modules_next_dist_1e8vcs8._.js:776
[   67329ms] [LOG] [Fast Refresh] done in 51ms @ http://localhost:3000/_next/static/chunks/node_modules_next_dist_1e8vcs8._.js:776
[   67391ms] [LOG] [Fast Refresh] done in 51ms @ http://localhost:3000/_next/static/chunks/node_modules_next_dist_1e8vcs8._.js:776
[   67454ms] [LOG] [Fast Refresh] done in 51ms @ http://localhost:3000/_next/static/chunks/node_modules_next_dist_1e8vcs8._.js:776
[   67515ms] [LOG] [Fast Refresh] done in 51ms @ http://localhost:3000/_next/static/chunks/node_modules_next_dist_1e8vcs8._.js:776
[   67576ms] [LOG] [Fast Refresh] done in 51ms @ http://localhost:3000/_next/static/chunks/node_modules_next_dist_1e8vcs8._.js:776
[   67638ms] [LOG] [Fast Refresh] done in 51ms @ http://localhost:3000/_next/static/chunks/node_modules_next_dist_1e8vcs8._.js:776
[   67698ms] [LOG] [Fast Refresh] done in 51ms @ http://localhost:3000/_next/static/chunks/node_modules_next_dist_1e8vcs8._.js:776
[   67760ms] [LOG] [Fast Refresh] done in 51ms @ http://localhost:3000/_next/static/chunks/node_modules_next_dist_1e8vcs8._.js:776
[   67821ms] [LOG] [Fast Refresh] done in 51ms @ http://localhost:3000/_next/static/chunks/node_modules_next_dist_1e8vcs8._.js:776
[   67884ms] [LOG] [Fast Refresh] done in 51ms @ http://localhost:3000/_next/static/chunks/node_modules_next_dist_1e8vcs8._.js:776
[   67946ms] [LOG] [Fast Refresh] done in 51ms @ http://localhost:3000/_next/static/chunks/node_modules_next_dist_1e8vcs8._.js:776
[   68006ms] [LOG] [Fast Refresh] done in 51ms @ http://localhost:3000/_next/static/chunks/node_modules_next_dist_1e8vcs8._.js:776
[   68068ms] [LOG] [Fast Refresh] done in 51ms @ http://localhost:3000/_next/static/chunks/node_modules_next_dist_1e8vcs8._.js:776
[   68131ms] [LOG] [Fast Refresh] done in 51ms @ http://localhost:3000/_next/static/chunks/node_modules_next_dist_1e8vcs8._.js:776
[   68194ms] [LOG] [Fast Refresh] done in 51ms @ http://localhost:3000/_next/static/chunks/node_modules_next_dist_1e8vcs8._.js:776
[   68257ms] [LOG] [Fast Refresh] done in 51ms @ http://localhost:3000/_next/static/chunks/node_modules_next_dist_1e8vcs8._.js:776
[   68319ms] [LOG] [Fast Refresh] done in 51ms @ http://localhost:3000/_next/static/chunks/node_modules_next_dist_1e8vcs8._.js:776
[   68382ms] [LOG] [Fast Refresh] done in 51ms @ http://localhost:3000/_next/static/chunks/node_modules_next_dist_1e8vcs8._.js:776
[   68445ms] [LOG] [Fast Refresh] done in 51ms @ http://localhost:3000/_next/static/chunks/node_modules_next_dist_1e8vcs8._.js:776
[   68508ms] [LOG] [Fast Refresh] done in 51ms @ http://localhost:3000/_next/static/chunks/node_modules_next_dist_1e8vcs8._.js:776
[   68571ms] [LOG] [Fast Refresh] done in 51ms @ http://localhost:3000/_next/static/chunks/node_modules_next_dist_1e8vcs8._.js:776
[   68632ms] [LOG] [Fast Refresh] done in 51ms @ http://localhost:3000/_next/static/chunks/node_modules_next_dist_1e8vcs8._.js:776
[   68695ms] [LOG] [Fast Refresh] done in 51ms @ http://localhost:3000/_next/static/chunks/node_modules_next_dist_1e8vcs8._.js:776
[   68757ms] [LOG] [Fast Refresh] done in 51ms @ http://localhost:3000/_next/static/chunks/node_modules_next_dist_1e8vcs8._.js:776
[   68821ms] [LOG] [Fast Refresh] done in 51ms @ http://localhost:3000/_next/static/chunks/node_modules_next_dist_1e8vcs8._.js:776
[   68882ms] [LOG] [Fast Refresh] done in 51ms @ http://localhost:3000/_next/static/chunks/node_modules_next_dist_1e8vcs8._.js:776
[   68943ms] [LOG] [Fast Refresh] done in 51ms @ http://localhost:3000/_next/static/chunks/node_modules_next_dist_1e8vcs8._.js:776
[   69006ms] [LOG] [Fast Refresh] done in 51ms @ http://localhost:3000/_next/static/chunks/node_modules_next_dist_1e8vcs8._.js:776
[   69068ms] [LOG] [Fast Refresh] done in 51ms @ http://localhost:3000/_next/static/chunks/node_modules_next_dist_1e8vcs8._.js:776
[   69130ms] [LOG] [Fast Refresh] done in 51ms @ http://localhost:3000/_next/static/chunks/node_modules_next_dist_1e8vcs8._.js:776
[   69191ms] [LOG] [Fast Refresh] done in 51ms @ http://localhost:3000/_next/static/chunks/node_modules_next_dist_1e8vcs8._.js:776
[   69253ms] [LOG] [Fast Refresh] done in 51ms @ http://localhost:3000/_next/static/chunks/node_modules_next_dist_1e8vcs8._.js:776
[   69316ms] [LOG] [Fast Refresh] done in 51ms @ http://localhost:3000/_next/static/chunks/node_modules_next_dist_1e8vcs8._.js:776
[   69379ms] [LOG] [Fast Refresh] done in 51ms @ http://localhost:3000/_next/static/chunks/node_modules_next_dist_1e8vcs8._.js:776
[   69442ms] [LOG] [Fast Refresh] done in 51ms @ http://localhost:3000/_next/static/chunks/node_modules_next_dist_1e8vcs8._.js:776
[   69506ms] [LOG] [Fast Refresh] done in 51ms @ http://localhost:3000/_next/static/chunks/node_modules_next_dist_1e8vcs8._.js:776
[   69567ms] [LOG] [Fast Refresh] done in 51ms @ http://localhost:3000/_next/static/chunks/node_modules_next_dist_1e8vcs8._.js:776
[   69629ms] [LOG] [Fast Refresh] done in 51ms @ http://localhost:3000/_next/static/chunks/node_modules_next_dist_1e8vcs8._.js:776
[   69691ms] [LOG] [Fast Refresh] done in 51ms @ http://localhost:3000/_next/static/chunks/node_modules_next_dist_1e8vcs8._.js:776
[   69752ms] [LOG] [Fast Refresh] done in 51ms @ http://localhost:3000/_next/static/chunks/node_modules_next_dist_1e8vcs8._.js:776
[   69813ms] [LOG] [Fast Refresh] done in 51ms @ http://localhost:3000/_next/static/chunks/node_modules_next_dist_1e8vcs8._.js:776
[   69876ms] [LOG] [Fast Refresh] done in 51ms @ http://localhost:3000/_next/static/chunks/node_modules_next_dist_1e8vcs8._.js:776
[   69937ms] [LOG] [Fast Refresh] done in 51ms @ http://localhost:3000/_next/static/chunks/node_modules_next_dist_1e8vcs8._.js:776
[   70000ms] [LOG] [Fast Refresh] done in 51ms @ http://localhost:3000/_next/static/chunks/node_modules_next_dist_1e8vcs8._.js:776
[   70063ms] [LOG] [Fast Refresh] done in 51ms @ http://localhost:3000/_next/static/chunks/node_modules_next_dist_1e8vcs8._.js:776
[   70126ms] [LOG] [Fast Refresh] done in 51ms @ http://localhost:3000/_next/static/chunks/node_modules_next_dist_1e8vcs8._.js:776
[   70186ms] [LOG] [Fast Refresh] done in 51ms @ http://localhost:3000/_next/static/chunks/node_modules_next_dist_1e8vcs8._.js:776
[   70248ms] [LOG] [Fast Refresh] done in 51ms @ http://localhost:3000/_next/static/chunks/node_modules_next_dist_1e8vcs8._.js:776
[   70311ms] [LOG] [Fast Refresh] done in 51ms @ http://localhost:3000/_next/static/chunks/node_modules_next_dist_1e8vcs8._.js:776
[   70373ms] [LOG] [Fast Refresh] done in 51ms @ http://localhost:3000/_next/static/chunks/node_modules_next_dist_1e8vcs8._.js:776
[   70435ms] [LOG] [Fast Refresh] done in 51ms @ http://localhost:3000/_next/static/chunks/node_modules_next_dist_1e8vcs8._.js:776
[   70498ms] [LOG] [Fast Refresh] done in 51ms @ http://localhost:3000/_next/static/chunks/node_modules_next_dist_1e8vcs8._.js:776
[   70561ms] [LOG] [Fast Refresh] done in 51ms @ http://localhost:3000/_next/static/chunks/node_modules_next_dist_1e8vcs8._.js:776
[   70625ms] [LOG] [Fast Refresh] done in 51ms @ http://localhost:3000/_next/static/chunks/node_modules_next_dist_1e8vcs8._.js:776
[   70687ms] [LOG] [Fast Refresh] done in 51ms @ http://localhost:3000/_next/static/chunks/node_modules_next_dist_1e8vcs8._.js:776
[   70749ms] [LOG] [Fast Refresh] done in 51ms @ http://localhost:3000/_next/static/chunks/node_modules_next_dist_1e8vcs8._.js:776
[   70812ms] [LOG] [Fast Refresh] done in 51ms @ http://localhost:3000/_next/static/chunks/node_modules_next_dist_1e8vcs8._.js:776
[   70876ms] [LOG] [Fast Refresh] done in 51ms @ http://localhost:3000/_next/static/chunks/node_modules_next_dist_1e8vcs8._.js:776
[   70938ms] [LOG] [Fast Refresh] done in 51ms @ http://localhost:3000/_next/static/chunks/node_modules_next_dist_1e8vcs8._.js:776
[   71000ms] [LOG] [Fast Refresh] done in 51ms @ http://localhost:3000/_next/static/chunks/node_modules_next_dist_1e8vcs8._.js:776
[   71063ms] [LOG] [Fast Refresh] done in 51ms @ http://localhost:3000/_next/static/chunks/node_modules_next_dist_1e8vcs8._.js:776
[   71124ms] [LOG] [Fast Refresh] done in 51ms @ http://localhost:3000/_next/static/chunks/node_modules_next_dist_1e8vcs8._.js:776
[   71186ms] [LOG] [Fast Refresh] done in 51ms @ http://localhost:3000/_next/static/chunks/node_modules_next_dist_1e8vcs8._.js:776
[   71249ms] [LOG] [Fast Refresh] done in 51ms @ http://localhost:3000/_next/static/chunks/node_modules_next_dist_1e8vcs8._.js:776
[   71311ms] [LOG] [Fast Refresh] done in 51ms @ http://localhost:3000/_next/static/chunks/node_modules_next_dist_1e8vcs8._.js:776
[   71373ms] [LOG] [Fast Refresh] done in 51ms @ http://localhost:3000/_next/static/chunks/node_modules_next_dist_1e8vcs8._.js:776
[   71435ms] [LOG] [Fast Refresh] done in 51ms @ http://localhost:3000/_next/static/chunks/node_modules_next_dist_1e8vcs8._.js:776
[   71498ms] [LOG] [Fast Refresh] done in 51ms @ http://localhost:3000/_next/static/chunks/node_modules_next_dist_1e8vcs8._.js:776
[   71561ms] [LOG] [Fast Refresh] done in 51ms @ http://localhost:3000/_next/static/chunks/node_modules_next_dist_1e8vcs8._.js:776
[   71625ms] [LOG] [Fast Refresh] done in 51ms @ http://localhost:3000/_next/static/chunks/node_modules_next_dist_1e8vcs8._.js:776
[   71687ms] [LOG] [Fast Refresh] done in 51ms @ http://localhost:3000/_next/static/chunks/node_modules_next_dist_1e8vcs8._.js:776
[   71748ms] [LOG] [Fast Refresh] done in 51ms @ http://localhost:3000/_next/static/chunks/node_modules_next_dist_1e8vcs8._.js:776
[   71810ms] [LOG] [Fast Refresh] done in 51ms @ http://localhost:3000/_next/static/chunks/node_modules_next_dist_1e8vcs8._.js:776
[   71873ms] [LOG] [Fast Refresh] done in 51ms @ http://localhost:3000/_next/static/chunks/node_modules_next_dist_1e8vcs8._.js:776
[   71935ms] [LOG] [Fast Refresh] done in 51ms @ http://localhost:3000/_next/static/chunks/node_modules_next_dist_1e8vcs8._.js:776
[   71998ms] [LOG] [Fast Refresh] done in 51ms @ http://localhost:3000/_next/static/chunks/node_modules_next_dist_1e8vcs8._.js:776
[   72060ms] [LOG] [Fast Refresh] done in 51ms @ http://localhost:3000/_next/static/chunks/node_modules_next_dist_1e8vcs8._.js:776
[   72122ms] [LOG] [Fast Refresh] done in 51ms @ http://localhost:3000/_next/static/chunks/node_modules_next_dist_1e8vcs8._.js:776
[   72183ms] [LOG] [Fast Refresh] done in 51ms @ http://localhost:3000/_next/static/chunks/node_modules_next_dist_1e8vcs8._.js:776
[   72245ms] [LOG] [Fast Refresh] done in 51ms @ http://localhost:3000/_next/static/chunks/node_modules_next_dist_1e8vcs8._.js:776
[   72308ms] [LOG] [Fast Refresh] done in 51ms @ http://localhost:3000/_next/static/chunks/node_modules_next_dist_1e8vcs8._.js:776
[   72370ms] [LOG] [Fast Refresh] done in 51ms @ http://localhost:3000/_next/static/chunks/node_modules_next_dist_1e8vcs8._.js:776
[   72432ms] [LOG] [Fast Refresh] done in 51ms @ http://localhost:3000/_next/static/chunks/node_modules_next_dist_1e8vcs8._.js:776
[   72494ms] [LOG] [Fast Refresh] done in 51ms @ http://localhost:3000/_next/static/chunks/node_modules_next_dist_1e8vcs8._.js:776
[   72555ms] [LOG] [Fast Refresh] done in 51ms @ http://localhost:3000/_next/static/chunks/node_modules_next_dist_1e8vcs8._.js:776
[   72616ms] [LOG] [Fast Refresh] done in 51ms @ http://localhost:3000/_next/static/chunks/node_modules_next_dist_1e8vcs8._.js:776
[   72678ms] [LOG] [Fast Refresh] done in 51ms @ http://localhost:3000/_next/static/chunks/node_modules_next_dist_1e8vcs8._.js:776
[   72740ms] [LOG] [Fast Refresh] done in 51ms @ http://localhost:3000/_next/static/chunks/node_modules_next_dist_1e8vcs8._.js:776
[   72803ms] [LOG] [Fast Refresh] done in 51ms @ http://localhost:3000/_next/static/chunks/node_modules_next_dist_1e8vcs8._.js:776
[   72866ms] [LOG] [Fast Refresh] done in 51ms @ http://localhost:3000/_next/static/chunks/node_modules_next_dist_1e8vcs8._.js:776
[   72928ms] [LOG] [Fast Refresh] done in 51ms @ http://localhost:3000/_next/static/chunks/node_modules_next_dist_1e8vcs8._.js:776
[   72990ms] [LOG] [Fast Refresh] done in 51ms @ http://localhost:3000/_next/static/chunks/node_modules_next_dist_1e8vcs8._.js:776
[   73054ms] [LOG] [Fast Refresh] done in 51ms @ http://localhost:3000/_next/static/chunks/node_modules_next_dist_1e8vcs8._.js:776
[   73116ms] [LOG] [Fast Refresh] done in 51ms @ http://localhost:3000/_next/static/chunks/node_modules_next_dist_1e8vcs8._.js:776
[   73179ms] [LOG] [Fast Refresh] done in 51ms @ http://localhost:3000/_next/static/chunks/node_modules_next_dist_1e8vcs8._.js:776
[   73241ms] [LOG] [Fast Refresh] done in 51ms @ http://localhost:3000/_next/static/chunks/node_modules_next_dist_1e8vcs8._.js:776
[   73303ms] [LOG] [Fast Refresh] done in 51ms @ http://localhost:3000/_next/static/chunks/node_modules_next_dist_1e8vcs8._.js:776
[   73366ms] [LOG] [Fast Refresh] done in 51ms @ http://localhost:3000/_next/static/chunks/node_modules_next_dist_1e8vcs8._.js:776
[   73426ms] [LOG] [Fast Refresh] done in 51ms @ http://localhost:3000/_next/static/chunks/node_modules_next_dist_1e8vcs8._.js:776
[   73491ms] [LOG] [Fast Refresh] done in 51ms @ http://localhost:3000/_next/static/chunks/node_modules_next_dist_1e8vcs8._.js:776
[   73554ms] [LOG] [Fast Refresh] done in 51ms @ http://localhost:3000/_next/static/chunks/node_modules_next_dist_1e8vcs8._.js:776
[   73615ms] [LOG] [Fast Refresh] done in 51ms @ http://localhost:3000/_next/static/chunks/node_modules_next_dist_1e8vcs8._.js:776
[   73676ms] [LOG] [Fast Refresh] done in 51ms @ http://localhost:3000/_next/static/chunks/node_modules_next_dist_1e8vcs8._.js:776
[   73738ms] [LOG] [Fast Refresh] done in 51ms @ http://localhost:3000/_next/static/chunks/node_modules_next_dist_1e8vcs8._.js:776
[   73800ms] [LOG] [Fast Refresh] done in 51ms @ http://localhost:3000/_next/static/chunks/node_modules_next_dist_1e8vcs8._.js:776
[   73862ms] [LOG] [Fast Refresh] done in 51ms @ http://localhost:3000/_next/static/chunks/node_modules_next_dist_1e8vcs8._.js:776
[   73923ms] [LOG] [Fast Refresh] done in 51ms @ http://localhost:3000/_next/static/chunks/node_modules_next_dist_1e8vcs8._.js:776
[   73985ms] [LOG] [Fast Refresh] done in 51ms @ http://localhost:3000/_next/static/chunks/node_modules_next_dist_1e8vcs8._.js:776
[   74046ms] [LOG] [Fast Refresh] done in 51ms @ http://localhost:3000/_next/static/chunks/node_modules_next_dist_1e8vcs8._.js:776
[   74109ms] [LOG] [Fast Refresh] done in 51ms @ http://localhost:3000/_next/static/chunks/node_modules_next_dist_1e8vcs8._.js:776
[   74172ms] [LOG] [Fast Refresh] done in 51ms @ http://localhost:3000/_next/static/chunks/node_modules_next_dist_1e8vcs8._.js:776
[   74235ms] [LOG] [Fast Refresh] done in 51ms @ http://localhost:3000/_next/static/chunks/node_modules_next_dist_1e8vcs8._.js:776
[   74299ms] [LOG] [Fast Refresh] done in 51ms @ http://localhost:3000/_next/static/chunks/node_modules_next_dist_1e8vcs8._.js:776
[   74361ms] [LOG] [Fast Refresh] done in 51ms @ http://localhost:3000/_next/static/chunks/node_modules_next_dist_1e8vcs8._.js:776
[   74425ms] [LOG] [Fast Refresh] done in 51ms @ http://localhost:3000/_next/static/chunks/node_modules_next_dist_1e8vcs8._.js:776
[   74487ms] [LOG] [Fast Refresh] done in 51ms @ http://localhost:3000/_next/static/chunks/node_modules_next_dist_1e8vcs8._.js:776
[   74550ms] [LOG] [Fast Refresh] done in 51ms @ http://localhost:3000/_next/static/chunks/node_modules_next_dist_1e8vcs8._.js:776
[   74612ms] [LOG] [Fast Refresh] done in 51ms @ http://localhost:3000/_next/static/chunks/node_modules_next_dist_1e8vcs8._.js:776
[   74675ms] [LOG] [Fast Refresh] done in 51ms @ http://localhost:3000/_next/static/chunks/node_modules_next_dist_1e8vcs8._.js:776
[   74737ms] [LOG] [Fast Refresh] done in 51ms @ http://localhost:3000/_next/static/chunks/node_modules_next_dist_1e8vcs8._.js:776
[   74800ms] [LOG] [Fast Refresh] done in 51ms @ http://localhost:3000/_next/static/chunks/node_modules_next_dist_1e8vcs8._.js:776
[   74862ms] [LOG] [Fast Refresh] done in 51ms @ http://localhost:3000/_next/static/chunks/node_modules_next_dist_1e8vcs8._.js:776
[   74923ms] [LOG] [Fast Refresh] done in 51ms @ http://localhost:3000/_next/static/chunks/node_modules_next_dist_1e8vcs8._.js:776
[   74986ms] [LOG] [Fast Refresh] done in 51ms @ http://localhost:3000/_next/static/chunks/node_modules_next_dist_1e8vcs8._.js:776
[   75049ms] [LOG] [Fast Refresh] done in 51ms @ http://localhost:3000/_next/static/chunks/node_modules_next_dist_1e8vcs8._.js:776
[   75112ms] [LOG] [Fast Refresh] done in 51ms @ http://localhost:3000/_next/static/chunks/node_modules_next_dist_1e8vcs8._.js:776
[   75175ms] [LOG] [Fast Refresh] done in 51ms @ http://localhost:3000/_next/static/chunks/node_modules_next_dist_1e8vcs8._.js:776
[   75236ms] [LOG] [Fast Refresh] done in 51ms @ http://localhost:3000/_next/static/chunks/node_modules_next_dist_1e8vcs8._.js:776
[   75299ms] [LOG] [Fast Refresh] done in 51ms @ http://localhost:3000/_next/static/chunks/node_modules_next_dist_1e8vcs8._.js:776
[   75360ms] [LOG] [Fast Refresh] done in 51ms @ http://localhost:3000/_next/static/chunks/node_modules_next_dist_1e8vcs8._.js:776
[   75424ms] [LOG] [Fast Refresh] done in 51ms @ http://localhost:3000/_next/static/chunks/node_modules_next_dist_1e8vcs8._.js:776
[   75486ms] [LOG] [Fast Refresh] done in 51ms @ http://localhost:3000/_next/static/chunks/node_modules_next_dist_1e8vcs8._.js:776
[   75546ms] [LOG] [Fast Refresh] done in 51ms @ http://localhost:3000/_next/static/chunks/node_modules_next_dist_1e8vcs8._.js:776
[   75609ms] [LOG] [Fast Refresh] done in 51ms @ http://localhost:3000/_next/static/chunks/node_modules_next_dist_1e8vcs8._.js:776
[   75671ms] [LOG] [Fast Refresh] done in 51ms @ http://localhost:3000/_next/static/chunks/node_modules_next_dist_1e8vcs8._.js:776
[   75732ms] [LOG] [Fast Refresh] done in 51ms @ http://localhost:3000/_next/static/chunks/node_modules_next_dist_1e8vcs8._.js:776
[   75795ms] [LOG] [Fast Refresh] done in 51ms @ http://localhost:3000/_next/static/chunks/node_modules_next_dist_1e8vcs8._.js:776
[   75856ms] [LOG] [Fast Refresh] done in 51ms @ http://localhost:3000/_next/static/chunks/node_modules_next_dist_1e8vcs8._.js:776
[   75918ms] [LOG] [Fast Refresh] done in 51ms @ http://localhost:3000/_next/static/chunks/node_modules_next_dist_1e8vcs8._.js:776
[   75980ms] [LOG] [Fast Refresh] done in 51ms @ http://localhost:3000/_next/static/chunks/node_modules_next_dist_1e8vcs8._.js:776
[   76043ms] [LOG] [Fast Refresh] done in 51ms @ http://localhost:3000/_next/static/chunks/node_modules_next_dist_1e8vcs8._.js:776
[   76106ms] [LOG] [Fast Refresh] done in 51ms @ http://localhost:3000/_next/static/chunks/node_modules_next_dist_1e8vcs8._.js:776
[   76167ms] [LOG] [Fast Refresh] done in 51ms @ http://localhost:3000/_next/static/chunks/node_modules_next_dist_1e8vcs8._.js:776
[   76229ms] [LOG] [Fast Refresh] done in 51ms @ http://localhost:3000/_next/static/chunks/node_modules_next_dist_1e8vcs8._.js:776
[   76292ms] [LOG] [Fast Refresh] done in 51ms @ http://localhost:3000/_next/static/chunks/node_modules_next_dist_1e8vcs8._.js:776
[   76355ms] [LOG] [Fast Refresh] done in 51ms @ http://localhost:3000/_next/static/chunks/node_modules_next_dist_1e8vcs8._.js:776
[   76418ms] [LOG] [Fast Refresh] done in 51ms @ http://localhost:3000/_next/static/chunks/node_modules_next_dist_1e8vcs8._.js:776
[   76480ms] [LOG] [Fast Refresh] done in 51ms @ http://localhost:3000/_next/static/chunks/node_modules_next_dist_1e8vcs8._.js:776
[   76543ms] [LOG] [Fast Refresh] done in 51ms @ http://localhost:3000/_next/static/chunks/node_modules_next_dist_1e8vcs8._.js:776
[   76604ms] [LOG] [Fast Refresh] done in 51ms @ http://localhost:3000/_next/static/chunks/node_modules_next_dist_1e8vcs8._.js:776
[   76667ms] [LOG] [Fast Refresh] done in 51ms @ http://localhost:3000/_next/static/chunks/node_modules_next_dist_1e8vcs8._.js:776
[   76729ms] [LOG] [Fast Refresh] done in 51ms @ http://localhost:3000/_next/static/chunks/node_modules_next_dist_1e8vcs8._.js:776
[   76792ms] [LOG] [Fast Refresh] done in 51ms @ http://localhost:3000/_next/static/chunks/node_modules_next_dist_1e8vcs8._.js:776
[   76852ms] [LOG] [Fast Refresh] done in 51ms @ http://localhost:3000/_next/static/chunks/node_modules_next_dist_1e8vcs8._.js:776
[   76914ms] [LOG] [Fast Refresh] done in 51ms @ http://localhost:3000/_next/static/chunks/node_modules_next_dist_1e8vcs8._.js:776
[   76975ms] [LOG] [Fast Refresh] done in 51ms @ http://localhost:3000/_next/static/chunks/node_modules_next_dist_1e8vcs8._.js:776
[   77038ms] [LOG] [Fast Refresh] done in 51ms @ http://localhost:3000/_next/static/chunks/node_modules_next_dist_1e8vcs8._.js:776
[   77100ms] [LOG] [Fast Refresh] done in 51ms @ http://localhost:3000/_next/static/chunks/node_modules_next_dist_1e8vcs8._.js:776
[   77163ms] [LOG] [Fast Refresh] done in 51ms @ http://localhost:3000/_next/static/chunks/node_modules_next_dist_1e8vcs8._.js:776
[   77226ms] [LOG] [Fast Refresh] done in 51ms @ http://localhost:3000/_next/static/chunks/node_modules_next_dist_1e8vcs8._.js:776
[   77290ms] [LOG] [Fast Refresh] done in 51ms @ http://localhost:3000/_next/static/chunks/node_modules_next_dist_1e8vcs8._.js:776
[   77352ms] [LOG] [Fast Refresh] done in 51ms @ http://localhost:3000/_next/static/chunks/node_modules_next_dist_1e8vcs8._.js:776
[   77415ms] [LOG] [Fast Refresh] done in 51ms @ http://localhost:3000/_next/static/chunks/node_modules_next_dist_1e8vcs8._.js:776
[   77477ms] [LOG] [Fast Refresh] done in 51ms @ http://localhost:3000/_next/static/chunks/node_modules_next_dist_1e8vcs8._.js:776
[   77540ms] [LOG] [Fast Refresh] done in 51ms @ http://localhost:3000/_next/static/chunks/node_modules_next_dist_1e8vcs8._.js:776
[   77602ms] [LOG] [Fast Refresh] done in 51ms @ http://localhost:3000/_next/static/chunks/node_modules_next_dist_1e8vcs8._.js:776
[   77665ms] [LOG] [Fast Refresh] done in 51ms @ http://localhost:3000/_next/static/chunks/node_modules_next_dist_1e8vcs8._.js:776
[   77728ms] [LOG] [Fast Refresh] done in 51ms @ http://localhost:3000/_next/static/chunks/node_modules_next_dist_1e8vcs8._.js:776
[   77791ms] [LOG] [Fast Refresh] done in 51ms @ http://localhost:3000/_next/static/chunks/node_modules_next_dist_1e8vcs8._.js:776
[   77852ms] [LOG] [Fast Refresh] done in 51ms @ http://localhost:3000/_next/static/chunks/node_modules_next_dist_1e8vcs8._.js:776
[   77915ms] [LOG] [Fast Refresh] done in 51ms @ http://localhost:3000/_next/static/chunks/node_modules_next_dist_1e8vcs8._.js:776
[   77977ms] [LOG] [Fast Refresh] done in 51ms @ http://localhost:3000/_next/static/chunks/node_modules_next_dist_1e8vcs8._.js:776
[   78039ms] [LOG] [Fast Refresh] done in 51ms @ http://localhost:3000/_next/static/chunks/node_modules_next_dist_1e8vcs8._.js:776
[   78102ms] [LOG] [Fast Refresh] done in 51ms @ http://localhost:3000/_next/static/chunks/node_modules_next_dist_1e8vcs8._.js:776
[   78163ms] [LOG] [Fast Refresh] done in 51ms @ http://localhost:3000/_next/static/chunks/node_modules_next_dist_1e8vcs8._.js:776
[   78225ms] [LOG] [Fast Refresh] done in 51ms @ http://localhost:3000/_next/static/chunks/node_modules_next_dist_1e8vcs8._.js:776
[   78288ms] [LOG] [Fast Refresh] done in 51ms @ http://localhost:3000/_next/static/chunks/node_modules_next_dist_1e8vcs8._.js:776
[   78351ms] [LOG] [Fast Refresh] done in 51ms @ http://localhost:3000/_next/static/chunks/node_modules_next_dist_1e8vcs8._.js:776
[   78412ms] [LOG] [Fast Refresh] done in 51ms @ http://localhost:3000/_next/static/chunks/node_modules_next_dist_1e8vcs8._.js:776
[   78474ms] [LOG] [Fast Refresh] done in 51ms @ http://localhost:3000/_next/static/chunks/node_modules_next_dist_1e8vcs8._.js:776
[   78536ms] [LOG] [Fast Refresh] done in 51ms @ http://localhost:3000/_next/static/chunks/node_modules_next_dist_1e8vcs8._.js:776
[   78600ms] [LOG] [Fast Refresh] done in 51ms @ http://localhost:3000/_next/static/chunks/node_modules_next_dist_1e8vcs8._.js:776
[   78661ms] [LOG] [Fast Refresh] done in 51ms @ http://localhost:3000/_next/static/chunks/node_modules_next_dist_1e8vcs8._.js:776
[   78724ms] [LOG] [Fast Refresh] done in 51ms @ http://localhost:3000/_next/static/chunks/node_modules_next_dist_1e8vcs8._.js:776
[   78786ms] [LOG] [Fast Refresh] done in 51ms @ http://localhost:3000/_next/static/chunks/node_modules_next_dist_1e8vcs8._.js:776
[   78850ms] [LOG] [Fast Refresh] done in 51ms @ http://localhost:3000/_next/static/chunks/node_modules_next_dist_1e8vcs8._.js:776
[   78912ms] [LOG] [Fast Refresh] done in 51ms @ http://localhost:3000/_next/static/chunks/node_modules_next_dist_1e8vcs8._.js:776
[   78974ms] [LOG] [Fast Refresh] done in 51ms @ http://localhost:3000/_next/static/chunks/node_modules_next_dist_1e8vcs8._.js:776
[   79036ms] [LOG] [Fast Refresh] done in 51ms @ http://localhost:3000/_next/static/chunks/node_modules_next_dist_1e8vcs8._.js:776
[   79098ms] [LOG] [Fast Refresh] done in 51ms @ http://localhost:3000/_next/static/chunks/node_modules_next_dist_1e8vcs8._.js:776
[   79160ms] [LOG] [Fast Refresh] done in 51ms @ http://localhost:3000/_next/static/chunks/node_modules_next_dist_1e8vcs8._.js:776
[   79223ms] [LOG] [Fast Refresh] done in 51ms @ http://localhost:3000/_next/static/chunks/node_modules_next_dist_1e8vcs8._.js:776
[   79286ms] [LOG] [Fast Refresh] done in 51ms @ http://localhost:3000/_next/static/chunks/node_modules_next_dist_1e8vcs8._.js:776
[   79348ms] [LOG] [Fast Refresh] done in 51ms @ http://localhost:3000/_next/static/chunks/node_modules_next_dist_1e8vcs8._.js:776
[   79411ms] [LOG] [Fast Refresh] done in 51ms @ http://localhost:3000/_next/static/chunks/node_modules_next_dist_1e8vcs8._.js:776
[   79474ms] [LOG] [Fast Refresh] done in 51ms @ http://localhost:3000/_next/static/chunks/node_modules_next_dist_1e8vcs8._.js:776
[   79537ms] [LOG] [Fast Refresh] done in 51ms @ http://localhost:3000/_next/static/chunks/node_modules_next_dist_1e8vcs8._.js:776
[   79601ms] [LOG] [Fast Refresh] done in 51ms @ http://localhost:3000/_next/static/chunks/node_modules_next_dist_1e8vcs8._.js:776
[   79663ms] [LOG] [Fast Refresh] done in 51ms @ http://localhost:3000/_next/static/chunks/node_modules_next_dist_1e8vcs8._.js:776
[   79725ms] [LOG] [Fast Refresh] done in 51ms @ http://localhost:3000/_next/static/chunks/node_modules_next_dist_1e8vcs8._.js:776
[   79786ms] [LOG] [Fast Refresh] done in 51ms @ http://localhost:3000/_next/static/chunks/node_modules_next_dist_1e8vcs8._.js:776
[   79848ms] [LOG] [Fast Refresh] done in 51ms @ http://localhost:3000/_next/static/chunks/node_modules_next_dist_1e8vcs8._.js:776
[   79910ms] [LOG] [Fast Refresh] done in 51ms @ http://localhost:3000/_next/static/chunks/node_modules_next_dist_1e8vcs8._.js:776
[   79971ms] [LOG] [Fast Refresh] done in 51ms @ http://localhost:3000/_next/static/chunks/node_modules_next_dist_1e8vcs8._.js:776
[   80033ms] [LOG] [Fast Refresh] done in 51ms @ http://localhost:3000/_next/static/chunks/node_modules_next_dist_1e8vcs8._.js:776
[   80095ms] [LOG] [Fast Refresh] done in 51ms @ http://localhost:3000/_next/static/chunks/node_modules_next_dist_1e8vcs8._.js:776
[   80157ms] [LOG] [Fast Refresh] done in 51ms @ http://localhost:3000/_next/static/chunks/node_modules_next_dist_1e8vcs8._.js:776
[   80221ms] [LOG] [Fast Refresh] done in 51ms @ http://localhost:3000/_next/static/chunks/node_modules_next_dist_1e8vcs8._.js:776
[   80282ms] [LOG] [Fast Refresh] done in 51ms @ http://localhost:3000/_next/static/chunks/node_modules_next_dist_1e8vcs8._.js:776
[   80345ms] [LOG] [Fast Refresh] done in 51ms @ http://localhost:3000/_next/static/chunks/node_modules_next_dist_1e8vcs8._.js:776
[   80408ms] [LOG] [Fast Refresh] done in 51ms @ http://localhost:3000/_next/static/chunks/node_modules_next_dist_1e8vcs8._.js:776
[   80470ms] [LOG] [Fast Refresh] done in 51ms @ http://localhost:3000/_next/static/chunks/node_modules_next_dist_1e8vcs8._.js:776
[   80534ms] [LOG] [Fast Refresh] done in 51ms @ http://localhost:3000/_next/static/chunks/node_modules_next_dist_1e8vcs8._.js:776
[   80596ms] [LOG] [Fast Refresh] done in 51ms @ http://localhost:3000/_next/static/chunks/node_modules_next_dist_1e8vcs8._.js:776
[   80659ms] [LOG] [Fast Refresh] done in 51ms @ http://localhost:3000/_next/static/chunks/node_modules_next_dist_1e8vcs8._.js:776
[   80721ms] [LOG] [Fast Refresh] done in 51ms @ http://localhost:3000/_next/static/chunks/node_modules_next_dist_1e8vcs8._.js:776
[   80784ms] [LOG] [Fast Refresh] done in 51ms @ http://localhost:3000/_next/static/chunks/node_modules_next_dist_1e8vcs8._.js:776
[   80847ms] [LOG] [Fast Refresh] done in 51ms @ http://localhost:3000/_next/static/chunks/node_modules_next_dist_1e8vcs8._.js:776
[   80908ms] [LOG] [Fast Refresh] done in 51ms @ http://localhost:3000/_next/static/chunks/node_modules_next_dist_1e8vcs8._.js:776
[   80971ms] [LOG] [Fast Refresh] done in 51ms @ http://localhost:3000/_next/static/chunks/node_modules_next_dist_1e8vcs8._.js:776
[   81033ms] [LOG] [Fast Refresh] done in 51ms @ http://localhost:3000/_next/static/chunks/node_modules_next_dist_1e8vcs8._.js:776
[   81095ms] [LOG] [Fast Refresh] done in 51ms @ http://localhost:3000/_next/static/chunks/node_modules_next_dist_1e8vcs8._.js:776
[   81158ms] [LOG] [Fast Refresh] done in 51ms @ http://localhost:3000/_next/static/chunks/node_modules_next_dist_1e8vcs8._.js:776
[   81220ms] [LOG] [Fast Refresh] done in 51ms @ http://localhost:3000/_next/static/chunks/node_modules_next_dist_1e8vcs8._.js:776
[   81281ms] [LOG] [Fast Refresh] done in 51ms @ http://localhost:3000/_next/static/chunks/node_modules_next_dist_1e8vcs8._.js:776
[   81343ms] [LOG] [Fast Refresh] done in 51ms @ http://localhost:3000/_next/static/chunks/node_modules_next_dist_1e8vcs8._.js:776
[   81406ms] [LOG] [Fast Refresh] done in 51ms @ http://localhost:3000/_next/static/chunks/node_modules_next_dist_1e8vcs8._.js:776
[   81469ms] [LOG] [Fast Refresh] done in 51ms @ http://localhost:3000/_next/static/chunks/node_modules_next_dist_1e8vcs8._.js:776
[   81532ms] [LOG] [Fast Refresh] done in 51ms @ http://localhost:3000/_next/static/chunks/node_modules_next_dist_1e8vcs8._.js:776
[   81594ms] [LOG] [Fast Refresh] done in 51ms @ http://localhost:3000/_next/static/chunks/node_modules_next_dist_1e8vcs8._.js:776
[   81655ms] [LOG] [Fast Refresh] done in 51ms @ http://localhost:3000/_next/static/chunks/node_modules_next_dist_1e8vcs8._.js:776
[   81717ms] [LOG] [Fast Refresh] done in 51ms @ http://localhost:3000/_next/static/chunks/node_modules_next_dist_1e8vcs8._.js:776
[   81780ms] [LOG] [Fast Refresh] done in 51ms @ http://localhost:3000/_next/static/chunks/node_modules_next_dist_1e8vcs8._.js:776
[   81842ms] [LOG] [Fast Refresh] done in 51ms @ http://localhost:3000/_next/static/chunks/node_modules_next_dist_1e8vcs8._.js:776
[   81905ms] [LOG] [Fast Refresh] done in 51ms @ http://localhost:3000/_next/static/chunks/node_modules_next_dist_1e8vcs8._.js:776
[   81967ms] [LOG] [Fast Refresh] done in 51ms @ http://localhost:3000/_next/static/chunks/node_modules_next_dist_1e8vcs8._.js:776
[   82028ms] [LOG] [Fast Refresh] done in 51ms @ http://localhost:3000/_next/static/chunks/node_modules_next_dist_1e8vcs8._.js:776
[   82090ms] [LOG] [Fast Refresh] done in 51ms @ http://localhost:3000/_next/static/chunks/node_modules_next_dist_1e8vcs8._.js:776
[   82153ms] [LOG] [Fast Refresh] done in 51ms @ http://localhost:3000/_next/static/chunks/node_modules_next_dist_1e8vcs8._.js:776
[   82216ms] [LOG] [Fast Refresh] done in 51ms @ http://localhost:3000/_next/static/chunks/node_modules_next_dist_1e8vcs8._.js:776
[   82278ms] [LOG] [Fast Refresh] done in 51ms @ http://localhost:3000/_next/static/chunks/node_modules_next_dist_1e8vcs8._.js:776
[   82342ms] [LOG] [Fast Refresh] done in 51ms @ http://localhost:3000/_next/static/chunks/node_modules_next_dist_1e8vcs8._.js:776
[   82404ms] [LOG] [Fast Refresh] done in 51ms @ http://localhost:3000/_next/static/chunks/node_modules_next_dist_1e8vcs8._.js:776
[   82465ms] [LOG] [Fast Refresh] done in 51ms @ http://localhost:3000/_next/static/chunks/node_modules_next_dist_1e8vcs8._.js:776
[   82528ms] [LOG] [Fast Refresh] done in 51ms @ http://localhost:3000/_next/static/chunks/node_modules_next_dist_1e8vcs8._.js:776
[   82590ms] [LOG] [Fast Refresh] done in 51ms @ http://localhost:3000/_next/static/chunks/node_modules_next_dist_1e8vcs8._.js:776
[   82652ms] [LOG] [Fast Refresh] done in 51ms @ http://localhost:3000/_next/static/chunks/node_modules_next_dist_1e8vcs8._.js:776
[   82713ms] [LOG] [Fast Refresh] done in 51ms @ http://localhost:3000/_next/static/chunks/node_modules_next_dist_1e8vcs8._.js:776
[   82775ms] [LOG] [Fast Refresh] done in 51ms @ http://localhost:3000/_next/static/chunks/node_modules_next_dist_1e8vcs8._.js:776
[   82838ms] [LOG] [Fast Refresh] done in 51ms @ http://localhost:3000/_next/static/chunks/node_modules_next_dist_1e8vcs8._.js:776
[   82901ms] [LOG] [Fast Refresh] done in 51ms @ http://localhost:3000/_next/static/chunks/node_modules_next_dist_1e8vcs8._.js:776
[   82963ms] [LOG] [Fast Refresh] done in 51ms @ http://localhost:3000/_next/static/chunks/node_modules_next_dist_1e8vcs8._.js:776
[   83026ms] [LOG] [Fast Refresh] done in 51ms @ http://localhost:3000/_next/static/chunks/node_modules_next_dist_1e8vcs8._.js:776
[   83088ms] [LOG] [Fast Refresh] done in 51ms @ http://localhost:3000/_next/static/chunks/node_modules_next_dist_1e8vcs8._.js:776
[   83152ms] [LOG] [Fast Refresh] done in 51ms @ http://localhost:3000/_next/static/chunks/node_modules_next_dist_1e8vcs8._.js:776
[   83215ms] [LOG] [Fast Refresh] done in 51ms @ http://localhost:3000/_next/static/chunks/node_modules_next_dist_1e8vcs8._.js:776
[   83277ms] [LOG] [Fast Refresh] done in 51ms @ http://localhost:3000/_next/static/chunks/node_modules_next_dist_1e8vcs8._.js:776
[   83340ms] [LOG] [Fast Refresh] done in 51ms @ http://localhost:3000/_next/static/chunks/node_modules_next_dist_1e8vcs8._.js:776
[   83403ms] [LOG] [Fast Refresh] done in 51ms @ http://localhost:3000/_next/static/chunks/node_modules_next_dist_1e8vcs8._.js:776
[   83465ms] [LOG] [Fast Refresh] done in 51ms @ http://localhost:3000/_next/static/chunks/node_modules_next_dist_1e8vcs8._.js:776
[   83528ms] [LOG] [Fast Refresh] done in 51ms @ http://localhost:3000/_next/static/chunks/node_modules_next_dist_1e8vcs8._.js:776
[   83590ms] [LOG] [Fast Refresh] done in 51ms @ http://localhost:3000/_next/static/chunks/node_modules_next_dist_1e8vcs8._.js:776
[   83652ms] [LOG] [Fast Refresh] done in 51ms @ http://localhost:3000/_next/static/chunks/node_modules_next_dist_1e8vcs8._.js:776
[   83715ms] [LOG] [Fast Refresh] done in 51ms @ http://localhost:3000/_next/static/chunks/node_modules_next_dist_1e8vcs8._.js:776
[   83779ms] [LOG] [Fast Refresh] done in 51ms @ http://localhost:3000/_next/static/chunks/node_modules_next_dist_1e8vcs8._.js:776
[   83841ms] [LOG] [Fast Refresh] done in 51ms @ http://localhost:3000/_next/static/chunks/node_modules_next_dist_1e8vcs8._.js:776
[   83903ms] [LOG] [Fast Refresh] done in 51ms @ http://localhost:3000/_next/static/chunks/node_modules_next_dist_1e8vcs8._.js:776
[   83965ms] [LOG] [Fast Refresh] done in 51ms @ http://localhost:3000/_next/static/chunks/node_modules_next_dist_1e8vcs8._.js:776
[   84026ms] [LOG] [Fast Refresh] done in 51ms @ http://localhost:3000/_next/static/chunks/node_modules_next_dist_1e8vcs8._.js:776
[   84087ms] [LOG] [Fast Refresh] done in 51ms @ http://localhost:3000/_next/static/chunks/node_modules_next_dist_1e8vcs8._.js:776
[   84149ms] [LOG] [Fast Refresh] done in 51ms @ http://localhost:3000/_next/static/chunks/node_modules_next_dist_1e8vcs8._.js:776
[   84211ms] [LOG] [Fast Refresh] done in 51ms @ http://localhost:3000/_next/static/chunks/node_modules_next_dist_1e8vcs8._.js:776
[   84274ms] [LOG] [Fast Refresh] done in 51ms @ http://localhost:3000/_next/static/chunks/node_modules_next_dist_1e8vcs8._.js:776
[   84337ms] [LOG] [Fast Refresh] done in 51ms @ http://localhost:3000/_next/static/chunks/node_modules_next_dist_1e8vcs8._.js:776
[   84400ms] [LOG] [Fast Refresh] done in 51ms @ http://localhost:3000/_next/static/chunks/node_modules_next_dist_1e8vcs8._.js:776
[   84461ms] [LOG] [Fast Refresh] done in 51ms @ http://localhost:3000/_next/static/chunks/node_modules_next_dist_1e8vcs8._.js:776
[   84523ms] [LOG] [Fast Refresh] done in 51ms @ http://localhost:3000/_next/static/chunks/node_modules_next_dist_1e8vcs8._.js:776
[   84585ms] [LOG] [Fast Refresh] done in 51ms @ http://localhost:3000/_next/static/chunks/node_modules_next_dist_1e8vcs8._.js:776
[   84646ms] [LOG] [Fast Refresh] done in 51ms @ http://localhost:3000/_next/static/chunks/node_modules_next_dist_1e8vcs8._.js:776
[   84709ms] [LOG] [Fast Refresh] done in 51ms @ http://localhost:3000/_next/static/chunks/node_modules_next_dist_1e8vcs8._.js:776
[   84770ms] [LOG] [Fast Refresh] done in 51ms @ http://localhost:3000/_next/static/chunks/node_modules_next_dist_1e8vcs8._.js:776
[   84832ms] [LOG] [Fast Refresh] done in 51ms @ http://localhost:3000/_next/static/chunks/node_modules_next_dist_1e8vcs8._.js:776
[   84895ms] [LOG] [Fast Refresh] done in 51ms @ http://localhost:3000/_next/static/chunks/node_modules_next_dist_1e8vcs8._.js:776
[   84957ms] [LOG] [Fast Refresh] done in 51ms @ http://localhost:3000/_next/static/chunks/node_modules_next_dist_1e8vcs8._.js:776
[   85020ms] [LOG] [Fast Refresh] done in 51ms @ http://localhost:3000/_next/static/chunks/node_modules_next_dist_1e8vcs8._.js:776
[   85082ms] [LOG] [Fast Refresh] done in 51ms @ http://localhost:3000/_next/static/chunks/node_modules_next_dist_1e8vcs8._.js:776
[   85144ms] [LOG] [Fast Refresh] done in 51ms @ http://localhost:3000/_next/static/chunks/node_modules_next_dist_1e8vcs8._.js:776
[   85207ms] [LOG] [Fast Refresh] done in 51ms @ http://localhost:3000/_next/static/chunks/node_modules_next_dist_1e8vcs8._.js:776
[   85269ms] [LOG] [Fast Refresh] done in 51ms @ http://localhost:3000/_next/static/chunks/node_modules_next_dist_1e8vcs8._.js:776
[   85332ms] [LOG] [Fast Refresh] done in 51ms @ http://localhost:3000/_next/static/chunks/node_modules_next_dist_1e8vcs8._.js:776
[   85394ms] [LOG] [Fast Refresh] done in 51ms @ http://localhost:3000/_next/static/chunks/node_modules_next_dist_1e8vcs8._.js:776
[   85457ms] [LOG] [Fast Refresh] done in 51ms @ http://localhost:3000/_next/static/chunks/node_modules_next_dist_1e8vcs8._.js:776
[   85520ms] [LOG] [Fast Refresh] done in 51ms @ http://localhost:3000/_next/static/chunks/node_modules_next_dist_1e8vcs8._.js:776
[   85584ms] [LOG] [Fast Refresh] done in 51ms @ http://localhost:3000/_next/static/chunks/node_modules_next_dist_1e8vcs8._.js:776
[   85647ms] [LOG] [Fast Refresh] done in 51ms @ http://localhost:3000/_next/static/chunks/node_modules_next_dist_1e8vcs8._.js:776
[   85709ms] [LOG] [Fast Refresh] done in 51ms @ http://localhost:3000/_next/static/chunks/node_modules_next_dist_1e8vcs8._.js:776
[   85772ms] [LOG] [Fast Refresh] done in 51ms @ http://localhost:3000/_next/static/chunks/node_modules_next_dist_1e8vcs8._.js:776
[   85834ms] [LOG] [Fast Refresh] done in 51ms @ http://localhost:3000/_next/static/chunks/node_modules_next_dist_1e8vcs8._.js:776
[   85897ms] [LOG] [Fast Refresh] done in 51ms @ http://localhost:3000/_next/static/chunks/node_modules_next_dist_1e8vcs8._.js:776
[   85959ms] [LOG] [Fast Refresh] done in 51ms @ http://localhost:3000/_next/static/chunks/node_modules_next_dist_1e8vcs8._.js:776
[   86022ms] [LOG] [Fast Refresh] done in 51ms @ http://localhost:3000/_next/static/chunks/node_modules_next_dist_1e8vcs8._.js:776
[   86085ms] [LOG] [Fast Refresh] done in 51ms @ http://localhost:3000/_next/static/chunks/node_modules_next_dist_1e8vcs8._.js:776
[   86148ms] [LOG] [Fast Refresh] done in 51ms @ http://localhost:3000/_next/static/chunks/node_modules_next_dist_1e8vcs8._.js:776
[   86211ms] [LOG] [Fast Refresh] done in 51ms @ http://localhost:3000/_next/static/chunks/node_modules_next_dist_1e8vcs8._.js:776
[   86274ms] [LOG] [Fast Refresh] done in 51ms @ http://localhost:3000/_next/static/chunks/node_modules_next_dist_1e8vcs8._.js:776
[   86336ms] [LOG] [Fast Refresh] done in 51ms @ http://localhost:3000/_next/static/chunks/node_modules_next_dist_1e8vcs8._.js:776
[   86400ms] [LOG] [Fast Refresh] done in 51ms @ http://localhost:3000/_next/static/chunks/node_modules_next_dist_1e8vcs8._.js:776
[   86463ms] [LOG] [Fast Refresh] done in 51ms @ http://localhost:3000/_next/static/chunks/node_modules_next_dist_1e8vcs8._.js:776
[   86525ms] [LOG] [Fast Refresh] done in 51ms @ http://localhost:3000/_next/static/chunks/node_modules_next_dist_1e8vcs8._.js:776
[   86587ms] [LOG] [Fast Refresh] done in 51ms @ http://localhost:3000/_next/static/chunks/node_modules_next_dist_1e8vcs8._.js:776
[   86650ms] [LOG] [Fast Refresh] done in 51ms @ http://localhost:3000/_next/static/chunks/node_modules_next_dist_1e8vcs8._.js:776
[   86714ms] [LOG] [Fast Refresh] done in 51ms @ http://localhost:3000/_next/static/chunks/node_modules_next_dist_1e8vcs8._.js:776
[   86775ms] [LOG] [Fast Refresh] done in 51ms @ http://localhost:3000/_next/static/chunks/node_modules_next_dist_1e8vcs8._.js:776
[   86837ms] [LOG] [Fast Refresh] done in 51ms @ http://localhost:3000/_next/static/chunks/node_modules_next_dist_1e8vcs8._.js:776
[   86899ms] [LOG] [Fast Refresh] done in 51ms @ http://localhost:3000/_next/static/chunks/node_modules_next_dist_1e8vcs8._.js:776
[   86960ms] [LOG] [Fast Refresh] done in 51ms @ http://localhost:3000/_next/static/chunks/node_modules_next_dist_1e8vcs8._.js:776
[   87023ms] [LOG] [Fast Refresh] done in 51ms @ http://localhost:3000/_next/static/chunks/node_modules_next_dist_1e8vcs8._.js:776
[   87086ms] [LOG] [Fast Refresh] done in 51ms @ http://localhost:3000/_next/static/chunks/node_modules_next_dist_1e8vcs8._.js:776
[   87148ms] [LOG] [Fast Refresh] done in 51ms @ http://localhost:3000/_next/static/chunks/node_modules_next_dist_1e8vcs8._.js:776
[   87210ms] [LOG] [Fast Refresh] done in 51ms @ http://localhost:3000/_next/static/chunks/node_modules_next_dist_1e8vcs8._.js:776
[   87273ms] [LOG] [Fast Refresh] done in 51ms @ http://localhost:3000/_next/static/chunks/node_modules_next_dist_1e8vcs8._.js:776
[   87336ms] [LOG] [Fast Refresh] done in 51ms @ http://localhost:3000/_next/static/chunks/node_modules_next_dist_1e8vcs8._.js:776
[   87401ms] [LOG] [Fast Refresh] done in 51ms @ http://localhost:3000/_next/static/chunks/node_modules_next_dist_1e8vcs8._.js:776
[   87464ms] [LOG] [Fast Refresh] done in 51ms @ http://localhost:3000/_next/static/chunks/node_modules_next_dist_1e8vcs8._.js:776
[   87526ms] [LOG] [Fast Refresh] done in 51ms @ http://localhost:3000/_next/static/chunks/node_modules_next_dist_1e8vcs8._.js:776
[   87589ms] [LOG] [Fast Refresh] done in 51ms @ http://localhost:3000/_next/static/chunks/node_modules_next_dist_1e8vcs8._.js:776
[   87652ms] [LOG] [Fast Refresh] done in 51ms @ http://localhost:3000/_next/static/chunks/node_modules_next_dist_1e8vcs8._.js:776
[   87714ms] [LOG] [Fast Refresh] done in 51ms @ http://localhost:3000/_next/static/chunks/node_modules_next_dist_1e8vcs8._.js:776
[   87777ms] [LOG] [Fast Refresh] done in 51ms @ http://localhost:3000/_next/static/chunks/node_modules_next_dist_1e8vcs8._.js:776
[   87841ms] [LOG] [Fast Refresh] done in 51ms @ http://localhost:3000/_next/static/chunks/node_modules_next_dist_1e8vcs8._.js:776
[   87903ms] [LOG] [Fast Refresh] done in 51ms @ http://localhost:3000/_next/static/chunks/node_modules_next_dist_1e8vcs8._.js:776
[   87964ms] [LOG] [Fast Refresh] done in 51ms @ http://localhost:3000/_next/static/chunks/node_modules_next_dist_1e8vcs8._.js:776
[   88025ms] [LOG] [Fast Refresh] done in 51ms @ http://localhost:3000/_next/static/chunks/node_modules_next_dist_1e8vcs8._.js:776
[   88085ms] [LOG] [Fast Refresh] done in 51ms @ http://localhost:3000/_next/static/chunks/node_modules_next_dist_1e8vcs8._.js:776
[   88147ms] [LOG] [Fast Refresh] done in 51ms @ http://localhost:3000/_next/static/chunks/node_modules_next_dist_1e8vcs8._.js:776
[   88210ms] [LOG] [Fast Refresh] done in 51ms @ http://localhost:3000/_next/static/chunks/node_modules_next_dist_1e8vcs8._.js:776
[   88273ms] [LOG] [Fast Refresh] done in 51ms @ http://localhost:3000/_next/static/chunks/node_modules_next_dist_1e8vcs8._.js:776
[   88335ms] [LOG] [Fast Refresh] done in 51ms @ http://localhost:3000/_next/static/chunks/node_modules_next_dist_1e8vcs8._.js:776
[   88398ms] [LOG] [Fast Refresh] done in 51ms @ http://localhost:3000/_next/static/chunks/node_modules_next_dist_1e8vcs8._.js:776
[   88462ms] [LOG] [Fast Refresh] done in 51ms @ http://localhost:3000/_next/static/chunks/node_modules_next_dist_1e8vcs8._.js:776
[   88523ms] [LOG] [Fast Refresh] done in 51ms @ http://localhost:3000/_next/static/chunks/node_modules_next_dist_1e8vcs8._.js:776
[   88584ms] [LOG] [Fast Refresh] done in 51ms @ http://localhost:3000/_next/static/chunks/node_modules_next_dist_1e8vcs8._.js:776
[   88646ms] [LOG] [Fast Refresh] done in 51ms @ http://localhost:3000/_next/static/chunks/node_modules_next_dist_1e8vcs8._.js:776
[   88708ms] [LOG] [Fast Refresh] done in 51ms @ http://localhost:3000/_next/static/chunks/node_modules_next_dist_1e8vcs8._.js:776
[   88769ms] [LOG] [Fast Refresh] done in 51ms @ http://localhost:3000/_next/static/chunks/node_modules_next_dist_1e8vcs8._.js:776
[   88830ms] [LOG] [Fast Refresh] done in 51ms @ http://localhost:3000/_next/static/chunks/node_modules_next_dist_1e8vcs8._.js:776
[   88891ms] [LOG] [Fast Refresh] done in 51ms @ http://localhost:3000/_next/static/chunks/node_modules_next_dist_1e8vcs8._.js:776
[   88953ms] [LOG] [Fast Refresh] done in 51ms @ http://localhost:3000/_next/static/chunks/node_modules_next_dist_1e8vcs8._.js:776
[   89017ms] [LOG] [Fast Refresh] done in 51ms @ http://localhost:3000/_next/static/chunks/node_modules_next_dist_1e8vcs8._.js:776
[   89078ms] [LOG] [Fast Refresh] done in 51ms @ http://localhost:3000/_next/static/chunks/node_modules_next_dist_1e8vcs8._.js:776
[   89139ms] [LOG] [Fast Refresh] done in 51ms @ http://localhost:3000/_next/static/chunks/node_modules_next_dist_1e8vcs8._.js:776
[   89202ms] [LOG] [Fast Refresh] done in 51ms @ http://localhost:3000/_next/static/chunks/node_modules_next_dist_1e8vcs8._.js:776
[   89265ms] [LOG] [Fast Refresh] done in 51ms @ http://localhost:3000/_next/static/chunks/node_modules_next_dist_1e8vcs8._.js:776
[   89326ms] [LOG] [Fast Refresh] done in 51ms @ http://localhost:3000/_next/static/chunks/node_modules_next_dist_1e8vcs8._.js:776
[   89387ms] [LOG] [Fast Refresh] done in 51ms @ http://localhost:3000/_next/static/chunks/node_modules_next_dist_1e8vcs8._.js:776
[   89449ms] [LOG] [Fast Refresh] done in 51ms @ http://localhost:3000/_next/static/chunks/node_modules_next_dist_1e8vcs8._.js:776
[   89512ms] [LOG] [Fast Refresh] done in 51ms @ http://localhost:3000/_next/static/chunks/node_modules_next_dist_1e8vcs8._.js:776
[   89575ms] [LOG] [Fast Refresh] done in 51ms @ http://localhost:3000/_next/static/chunks/node_modules_next_dist_1e8vcs8._.js:776
[   89638ms] [LOG] [Fast Refresh] done in 51ms @ http://localhost:3000/_next/static/chunks/node_modules_next_dist_1e8vcs8._.js:776
[   89700ms] [LOG] [Fast Refresh] done in 51ms @ http://localhost:3000/_next/static/chunks/node_modules_next_dist_1e8vcs8._.js:776
[   89761ms] [LOG] [Fast Refresh] done in 51ms @ http://localhost:3000/_next/static/chunks/node_modules_next_dist_1e8vcs8._.js:776
[   89824ms] [LOG] [Fast Refresh] done in 51ms @ http://localhost:3000/_next/static/chunks/node_modules_next_dist_1e8vcs8._.js:776
[   89884ms] [LOG] [Fast Refresh] done in 51ms @ http://localhost:3000/_next/static/chunks/node_modules_next_dist_1e8vcs8._.js:776
[   89945ms] [LOG] [Fast Refresh] done in 51ms @ http://localhost:3000/_next/static/chunks/node_modules_next_dist_1e8vcs8._.js:776
[   90010ms] [LOG] [Fast Refresh] done in 51ms @ http://localhost:3000/_next/static/chunks/node_modules_next_dist_1e8vcs8._.js:776
[   90073ms] [LOG] [Fast Refresh] done in 51ms @ http://localhost:3000/_next/static/chunks/node_modules_next_dist_1e8vcs8._.js:776
[   90135ms] [LOG] [Fast Refresh] done in 51ms @ http://localhost:3000/_next/static/chunks/node_modules_next_dist_1e8vcs8._.js:776
[   90198ms] [LOG] [Fast Refresh] done in 51ms @ http://localhost:3000/_next/static/chunks/node_modules_next_dist_1e8vcs8._.js:776
[   90260ms] [LOG] [Fast Refresh] done in 51ms @ http://localhost:3000/_next/static/chunks/node_modules_next_dist_1e8vcs8._.js:776
[   90324ms] [LOG] [Fast Refresh] done in 51ms @ http://localhost:3000/_next/static/chunks/node_modules_next_dist_1e8vcs8._.js:776
[   90384ms] [LOG] [Fast Refresh] done in 51ms @ http://localhost:3000/_next/static/chunks/node_modules_next_dist_1e8vcs8._.js:776
[   90447ms] [LOG] [Fast Refresh] done in 51ms @ http://localhost:3000/_next/static/chunks/node_modules_next_dist_1e8vcs8._.js:776
[   90509ms] [LOG] [Fast Refresh] done in 51ms @ http://localhost:3000/_next/static/chunks/node_modules_next_dist_1e8vcs8._.js:776
[   90571ms] [LOG] [Fast Refresh] done in 51ms @ http://localhost:3000/_next/static/chunks/node_modules_next_dist_1e8vcs8._.js:776
[   90634ms] [LOG] [Fast Refresh] done in 51ms @ http://localhost:3000/_next/static/chunks/node_modules_next_dist_1e8vcs8._.js:776
[   90696ms] [LOG] [Fast Refresh] done in 51ms @ http://localhost:3000/_next/static/chunks/node_modules_next_dist_1e8vcs8._.js:776
[   90758ms] [LOG] [Fast Refresh] done in 51ms @ http://localhost:3000/_next/static/chunks/node_modules_next_dist_1e8vcs8._.js:776
[   90820ms] [LOG] [Fast Refresh] done in 51ms @ http://localhost:3000/_next/static/chunks/node_modules_next_dist_1e8vcs8._.js:776
[   90884ms] [LOG] [Fast Refresh] done in 51ms @ http://localhost:3000/_next/static/chunks/node_modules_next_dist_1e8vcs8._.js:776
[   90945ms] [LOG] [Fast Refresh] done in 51ms @ http://localhost:3000/_next/static/chunks/node_modules_next_dist_1e8vcs8._.js:776
[   91008ms] [LOG] [Fast Refresh] done in 51ms @ http://localhost:3000/_next/static/chunks/node_modules_next_dist_1e8vcs8._.js:776
[   91071ms] [LOG] [Fast Refresh] done in 51ms @ http://localhost:3000/_next/static/chunks/node_modules_next_dist_1e8vcs8._.js:776
[   91133ms] [LOG] [Fast Refresh] done in 51ms @ http://localhost:3000/_next/static/chunks/node_modules_next_dist_1e8vcs8._.js:776
[   91196ms] [LOG] [Fast Refresh] done in 51ms @ http://localhost:3000/_next/static/chunks/node_modules_next_dist_1e8vcs8._.js:776
[   91258ms] [LOG] [Fast Refresh] done in 51ms @ http://localhost:3000/_next/static/chunks/node_modules_next_dist_1e8vcs8._.js:776
[   91321ms] [LOG] [Fast Refresh] done in 51ms @ http://localhost:3000/_next/static/chunks/node_modules_next_dist_1e8vcs8._.js:776
[   91383ms] [LOG] [Fast Refresh] done in 51ms @ http://localhost:3000/_next/static/chunks/node_modules_next_dist_1e8vcs8._.js:776
[   91445ms] [LOG] [Fast Refresh] done in 51ms @ http://localhost:3000/_next/static/chunks/node_modules_next_dist_1e8vcs8._.js:776
[   91507ms] [LOG] [Fast Refresh] done in 51ms @ http://localhost:3000/_next/static/chunks/node_modules_next_dist_1e8vcs8._.js:776
[   91570ms] [LOG] [Fast Refresh] done in 51ms @ http://localhost:3000/_next/static/chunks/node_modules_next_dist_1e8vcs8._.js:776
[   91632ms] [LOG] [Fast Refresh] done in 51ms @ http://localhost:3000/_next/static/chunks/node_modules_next_dist_1e8vcs8._.js:776
[   91696ms] [LOG] [Fast Refresh] done in 51ms @ http://localhost:3000/_next/static/chunks/node_modules_next_dist_1e8vcs8._.js:776
[   91758ms] [LOG] [Fast Refresh] done in 51ms @ http://localhost:3000/_next/static/chunks/node_modules_next_dist_1e8vcs8._.js:776
[   91821ms] [LOG] [Fast Refresh] done in 51ms @ http://localhost:3000/_next/static/chunks/node_modules_next_dist_1e8vcs8._.js:776
[   91884ms] [LOG] [Fast Refresh] done in 51ms @ http://localhost:3000/_next/static/chunks/node_modules_next_dist_1e8vcs8._.js:776
[   91945ms] [LOG] [Fast Refresh] done in 51ms @ http://localhost:3000/_next/static/chunks/node_modules_next_dist_1e8vcs8._.js:776
[   92006ms] [LOG] [Fast Refresh] done in 51ms @ http://localhost:3000/_next/static/chunks/node_modules_next_dist_1e8vcs8._.js:776
[   92068ms] [LOG] [Fast Refresh] done in 51ms @ http://localhost:3000/_next/static/chunks/node_modules_next_dist_1e8vcs8._.js:776
[   92129ms] [LOG] [Fast Refresh] done in 51ms @ http://localhost:3000/_next/static/chunks/node_modules_next_dist_1e8vcs8._.js:776
[   92190ms] [LOG] [Fast Refresh] done in 51ms @ http://localhost:3000/_next/static/chunks/node_modules_next_dist_1e8vcs8._.js:776
[   92253ms] [LOG] [Fast Refresh] done in 51ms @ http://localhost:3000/_next/static/chunks/node_modules_next_dist_1e8vcs8._.js:776
[   92318ms] [LOG] [Fast Refresh] done in 51ms @ http://localhost:3000/_next/static/chunks/node_modules_next_dist_1e8vcs8._.js:776
[   92380ms] [LOG] [Fast Refresh] done in 51ms @ http://localhost:3000/_next/static/chunks/node_modules_next_dist_1e8vcs8._.js:776
[   92443ms] [LOG] [Fast Refresh] done in 51ms @ http://localhost:3000/_next/static/chunks/node_modules_next_dist_1e8vcs8._.js:776
[   92506ms] [LOG] [Fast Refresh] done in 51ms @ http://localhost:3000/_next/static/chunks/node_modules_next_dist_1e8vcs8._.js:776
[   92569ms] [LOG] [Fast Refresh] done in 51ms @ http://localhost:3000/_next/static/chunks/node_modules_next_dist_1e8vcs8._.js:776
[   92630ms] [LOG] [Fast Refresh] done in 51ms @ http://localhost:3000/_next/static/chunks/node_modules_next_dist_1e8vcs8._.js:776
[   92691ms] [LOG] [Fast Refresh] done in 51ms @ http://localhost:3000/_next/static/chunks/node_modules_next_dist_1e8vcs8._.js:776
[   92753ms] [LOG] [Fast Refresh] done in 51ms @ http://localhost:3000/_next/static/chunks/node_modules_next_dist_1e8vcs8._.js:776
[   92815ms] [LOG] [Fast Refresh] done in 51ms @ http://localhost:3000/_next/static/chunks/node_modules_next_dist_1e8vcs8._.js:776
[   92877ms] [LOG] [Fast Refresh] done in 51ms @ http://localhost:3000/_next/static/chunks/node_modules_next_dist_1e8vcs8._.js:776
[   92939ms] [LOG] [Fast Refresh] done in 51ms @ http://localhost:3000/_next/static/chunks/node_modules_next_dist_1e8vcs8._.js:776
[   93001ms] [LOG] [Fast Refresh] done in 51ms @ http://localhost:3000/_next/static/chunks/node_modules_next_dist_1e8vcs8._.js:776
[   93062ms] [LOG] [Fast Refresh] done in 51ms @ http://localhost:3000/_next/static/chunks/node_modules_next_dist_1e8vcs8._.js:776
[   93124ms] [LOG] [Fast Refresh] done in 51ms @ http://localhost:3000/_next/static/chunks/node_modules_next_dist_1e8vcs8._.js:776
[   93187ms] [LOG] [Fast Refresh] done in 51ms @ http://localhost:3000/_next/static/chunks/node_modules_next_dist_1e8vcs8._.js:776
[   93249ms] [LOG] [Fast Refresh] done in 51ms @ http://localhost:3000/_next/static/chunks/node_modules_next_dist_1e8vcs8._.js:776
[   93311ms] [LOG] [Fast Refresh] done in 51ms @ http://localhost:3000/_next/static/chunks/node_modules_next_dist_1e8vcs8._.js:776
[   93374ms] [LOG] [Fast Refresh] done in 51ms @ http://localhost:3000/_next/static/chunks/node_modules_next_dist_1e8vcs8._.js:776
[   93436ms] [LOG] [Fast Refresh] done in 51ms @ http://localhost:3000/_next/static/chunks/node_modules_next_dist_1e8vcs8._.js:776
[   93499ms] [LOG] [Fast Refresh] done in 51ms @ http://localhost:3000/_next/static/chunks/node_modules_next_dist_1e8vcs8._.js:776
[   93560ms] [LOG] [Fast Refresh] done in 51ms @ http://localhost:3000/_next/static/chunks/node_modules_next_dist_1e8vcs8._.js:776
[   93622ms] [LOG] [Fast Refresh] done in 51ms @ http://localhost:3000/_next/static/chunks/node_modules_next_dist_1e8vcs8._.js:776
[   93686ms] [LOG] [Fast Refresh] done in 51ms @ http://localhost:3000/_next/static/chunks/node_modules_next_dist_1e8vcs8._.js:776
[   93747ms] [LOG] [Fast Refresh] done in 51ms @ http://localhost:3000/_next/static/chunks/node_modules_next_dist_1e8vcs8._.js:776
[   93810ms] [LOG] [Fast Refresh] done in 51ms @ http://localhost:3000/_next/static/chunks/node_modules_next_dist_1e8vcs8._.js:776
[   93873ms] [LOG] [Fast Refresh] done in 51ms @ http://localhost:3000/_next/static/chunks/node_modules_next_dist_1e8vcs8._.js:776
[   93935ms] [LOG] [Fast Refresh] done in 51ms @ http://localhost:3000/_next/static/chunks/node_modules_next_dist_1e8vcs8._.js:776
[   93998ms] [LOG] [Fast Refresh] done in 51ms @ http://localhost:3000/_next/static/chunks/node_modules_next_dist_1e8vcs8._.js:776
[   94061ms] [LOG] [Fast Refresh] done in 51ms @ http://localhost:3000/_next/static/chunks/node_modules_next_dist_1e8vcs8._.js:776
[   94124ms] [LOG] [Fast Refresh] done in 51ms @ http://localhost:3000/_next/static/chunks/node_modules_next_dist_1e8vcs8._.js:776
[   94186ms] [LOG] [Fast Refresh] done in 51ms @ http://localhost:3000/_next/static/chunks/node_modules_next_dist_1e8vcs8._.js:776
[   94249ms] [LOG] [Fast Refresh] done in 51ms @ http://localhost:3000/_next/static/chunks/node_modules_next_dist_1e8vcs8._.js:776
[   94310ms] [LOG] [Fast Refresh] done in 51ms @ http://localhost:3000/_next/static/chunks/node_modules_next_dist_1e8vcs8._.js:776
[   94372ms] [LOG] [Fast Refresh] done in 51ms @ http://localhost:3000/_next/static/chunks/node_modules_next_dist_1e8vcs8._.js:776
[   94435ms] [LOG] [Fast Refresh] done in 51ms @ http://localhost:3000/_next/static/chunks/node_modules_next_dist_1e8vcs8._.js:776
[   94498ms] [LOG] [Fast Refresh] done in 51ms @ http://localhost:3000/_next/static/chunks/node_modules_next_dist_1e8vcs8._.js:776
[   94561ms] [LOG] [Fast Refresh] done in 51ms @ http://localhost:3000/_next/static/chunks/node_modules_next_dist_1e8vcs8._.js:776
[   94622ms] [LOG] [Fast Refresh] done in 51ms @ http://localhost:3000/_next/static/chunks/node_modules_next_dist_1e8vcs8._.js:776
[   94685ms] [LOG] [Fast Refresh] done in 51ms @ http://localhost:3000/_next/static/chunks/node_modules_next_dist_1e8vcs8._.js:776
[   94748ms] [LOG] [Fast Refresh] done in 51ms @ http://localhost:3000/_next/static/chunks/node_modules_next_dist_1e8vcs8._.js:776
[   94809ms] [LOG] [Fast Refresh] done in 51ms @ http://localhost:3000/_next/static/chunks/node_modules_next_dist_1e8vcs8._.js:776
[   94872ms] [LOG] [Fast Refresh] done in 51ms @ http://localhost:3000/_next/static/chunks/node_modules_next_dist_1e8vcs8._.js:776
[   94935ms] [LOG] [Fast Refresh] done in 51ms @ http://localhost:3000/_next/static/chunks/node_modules_next_dist_1e8vcs8._.js:776
[   94995ms] [LOG] [Fast Refresh] done in 51ms @ http://localhost:3000/_next/static/chunks/node_modules_next_dist_1e8vcs8._.js:776
[   95058ms] [LOG] [Fast Refresh] done in 51ms @ http://localhost:3000/_next/static/chunks/node_modules_next_dist_1e8vcs8._.js:776
[   95121ms] [LOG] [Fast Refresh] done in 51ms @ http://localhost:3000/_next/static/chunks/node_modules_next_dist_1e8vcs8._.js:776
[   95184ms] [LOG] [Fast Refresh] done in 51ms @ http://localhost:3000/_next/static/chunks/node_modules_next_dist_1e8vcs8._.js:776
[   95247ms] [LOG] [Fast Refresh] done in 51ms @ http://localhost:3000/_next/static/chunks/node_modules_next_dist_1e8vcs8._.js:776
[   95309ms] [LOG] [Fast Refresh] done in 51ms @ http://localhost:3000/_next/static/chunks/node_modules_next_dist_1e8vcs8._.js:776
[   95370ms] [LOG] [Fast Refresh] done in 51ms @ http://localhost:3000/_next/static/chunks/node_modules_next_dist_1e8vcs8._.js:776
[   95433ms] [LOG] [Fast Refresh] done in 51ms @ http://localhost:3000/_next/static/chunks/node_modules_next_dist_1e8vcs8._.js:776
[   95495ms] [LOG] [Fast Refresh] done in 51ms @ http://localhost:3000/_next/static/chunks/node_modules_next_dist_1e8vcs8._.js:776
[   95557ms] [LOG] [Fast Refresh] done in 51ms @ http://localhost:3000/_next/static/chunks/node_modules_next_dist_1e8vcs8._.js:776
[   95618ms] [LOG] [Fast Refresh] done in 51ms @ http://localhost:3000/_next/static/chunks/node_modules_next_dist_1e8vcs8._.js:776
[   95680ms] [LOG] [Fast Refresh] done in 51ms @ http://localhost:3000/_next/static/chunks/node_modules_next_dist_1e8vcs8._.js:776
[   95744ms] [LOG] [Fast Refresh] done in 51ms @ http://localhost:3000/_next/static/chunks/node_modules_next_dist_1e8vcs8._.js:776
[   95807ms] [LOG] [Fast Refresh] done in 51ms @ http://localhost:3000/_next/static/chunks/node_modules_next_dist_1e8vcs8._.js:776
[   95870ms] [LOG] [Fast Refresh] done in 51ms @ http://localhost:3000/_next/static/chunks/node_modules_next_dist_1e8vcs8._.js:776
[   95932ms] [LOG] [Fast Refresh] done in 51ms @ http://localhost:3000/_next/static/chunks/node_modules_next_dist_1e8vcs8._.js:776
[   95994ms] [LOG] [Fast Refresh] done in 51ms @ http://localhost:3000/_next/static/chunks/node_modules_next_dist_1e8vcs8._.js:776
[   96056ms] [LOG] [Fast Refresh] done in 51ms @ http://localhost:3000/_next/static/chunks/node_modules_next_dist_1e8vcs8._.js:776
[   96117ms] [LOG] [Fast Refresh] done in 51ms @ http://localhost:3000/_next/static/chunks/node_modules_next_dist_1e8vcs8._.js:776
[   96181ms] [LOG] [Fast Refresh] done in 51ms @ http://localhost:3000/_next/static/chunks/node_modules_next_dist_1e8vcs8._.js:776
[   96243ms] [LOG] [Fast Refresh] done in 51ms @ http://localhost:3000/_next/static/chunks/node_modules_next_dist_1e8vcs8._.js:776
[   96305ms] [LOG] [Fast Refresh] done in 51ms @ http://localhost:3000/_next/static/chunks/node_modules_next_dist_1e8vcs8._.js:776
[   96367ms] [LOG] [Fast Refresh] done in 51ms @ http://localhost:3000/_next/static/chunks/node_modules_next_dist_1e8vcs8._.js:776
[   96428ms] [LOG] [Fast Refresh] done in 51ms @ http://localhost:3000/_next/static/chunks/node_modules_next_dist_1e8vcs8._.js:776
[   96491ms] [LOG] [Fast Refresh] done in 51ms @ http://localhost:3000/_next/static/chunks/node_modules_next_dist_1e8vcs8._.js:776
[   96553ms] [LOG] [Fast Refresh] done in 51ms @ http://localhost:3000/_next/static/chunks/node_modules_next_dist_1e8vcs8._.js:776
[   96616ms] [LOG] [Fast Refresh] done in 51ms @ http://localhost:3000/_next/static/chunks/node_modules_next_dist_1e8vcs8._.js:776
[   96679ms] [LOG] [Fast Refresh] done in 51ms @ http://localhost:3000/_next/static/chunks/node_modules_next_dist_1e8vcs8._.js:776
[   96741ms] [LOG] [Fast Refresh] done in 51ms @ http://localhost:3000/_next/static/chunks/node_modules_next_dist_1e8vcs8._.js:776
[   96804ms] [LOG] [Fast Refresh] done in 51ms @ http://localhost:3000/_next/static/chunks/node_modules_next_dist_1e8vcs8._.js:776
[   96866ms] [LOG] [Fast Refresh] done in 51ms @ http://localhost:3000/_next/static/chunks/node_modules_next_dist_1e8vcs8._.js:776
[   96927ms] [LOG] [Fast Refresh] done in 51ms @ http://localhost:3000/_next/static/chunks/node_modules_next_dist_1e8vcs8._.js:776
[   96989ms] [LOG] [Fast Refresh] done in 51ms @ http://localhost:3000/_next/static/chunks/node_modules_next_dist_1e8vcs8._.js:776
[   97051ms] [LOG] [Fast Refresh] done in 51ms @ http://localhost:3000/_next/static/chunks/node_modules_next_dist_1e8vcs8._.js:776
[   97111ms] [LOG] [Fast Refresh] done in 51ms @ http://localhost:3000/_next/static/chunks/node_modules_next_dist_1e8vcs8._.js:776
[   97174ms] [LOG] [Fast Refresh] done in 51ms @ http://localhost:3000/_next/static/chunks/node_modules_next_dist_1e8vcs8._.js:776
[   97236ms] [LOG] [Fast Refresh] done in 51ms @ http://localhost:3000/_next/static/chunks/node_modules_next_dist_1e8vcs8._.js:776
[   97299ms] [LOG] [Fast Refresh] done in 51ms @ http://localhost:3000/_next/static/chunks/node_modules_next_dist_1e8vcs8._.js:776
[   97363ms] [LOG] [Fast Refresh] done in 51ms @ http://localhost:3000/_next/static/chunks/node_modules_next_dist_1e8vcs8._.js:776
[   97425ms] [LOG] [Fast Refresh] done in 51ms @ http://localhost:3000/_next/static/chunks/node_modules_next_dist_1e8vcs8._.js:776
[   97487ms] [LOG] [Fast Refresh] done in 51ms @ http://localhost:3000/_next/static/chunks/node_modules_next_dist_1e8vcs8._.js:776
[   97550ms] [LOG] [Fast Refresh] done in 51ms @ http://localhost:3000/_next/static/chunks/node_modules_next_dist_1e8vcs8._.js:776
[   97613ms] [LOG] [Fast Refresh] done in 51ms @ http://localhost:3000/_next/static/chunks/node_modules_next_dist_1e8vcs8._.js:776
[   97675ms] [LOG] [Fast Refresh] done in 51ms @ http://localhost:3000/_next/static/chunks/node_modules_next_dist_1e8vcs8._.js:776
[   97736ms] [LOG] [Fast Refresh] done in 51ms @ http://localhost:3000/_next/static/chunks/node_modules_next_dist_1e8vcs8._.js:776
[   97798ms] [LOG] [Fast Refresh] done in 51ms @ http://localhost:3000/_next/static/chunks/node_modules_next_dist_1e8vcs8._.js:776
[   97859ms] [LOG] [Fast Refresh] done in 51ms @ http://localhost:3000/_next/static/chunks/node_modules_next_dist_1e8vcs8._.js:776
[   97922ms] [LOG] [Fast Refresh] done in 51ms @ http://localhost:3000/_next/static/chunks/node_modules_next_dist_1e8vcs8._.js:776
[   97983ms] [LOG] [Fast Refresh] done in 51ms @ http://localhost:3000/_next/static/chunks/node_modules_next_dist_1e8vcs8._.js:776
[   98046ms] [LOG] [Fast Refresh] done in 51ms @ http://localhost:3000/_next/static/chunks/node_modules_next_dist_1e8vcs8._.js:776
[   98108ms] [LOG] [Fast Refresh] done in 51ms @ http://localhost:3000/_next/static/chunks/node_modules_next_dist_1e8vcs8._.js:776
[   98171ms] [LOG] [Fast Refresh] done in 51ms @ http://localhost:3000/_next/static/chunks/node_modules_next_dist_1e8vcs8._.js:776
[   98233ms] [LOG] [Fast Refresh] done in 51ms @ http://localhost:3000/_next/static/chunks/node_modules_next_dist_1e8vcs8._.js:776
[   98293ms] [LOG] [Fast Refresh] done in 51ms @ http://localhost:3000/_next/static/chunks/node_modules_next_dist_1e8vcs8._.js:776
[   98356ms] [LOG] [Fast Refresh] done in 51ms @ http://localhost:3000/_next/static/chunks/node_modules_next_dist_1e8vcs8._.js:776
[   98419ms] [LOG] [Fast Refresh] done in 51ms @ http://localhost:3000/_next/static/chunks/node_modules_next_dist_1e8vcs8._.js:776
[   98482ms] [LOG] [Fast Refresh] done in 51ms @ http://localhost:3000/_next/static/chunks/node_modules_next_dist_1e8vcs8._.js:776
[   98547ms] [LOG] [Fast Refresh] done in 51ms @ http://localhost:3000/_next/static/chunks/node_modules_next_dist_1e8vcs8._.js:776
[   98608ms] [LOG] [Fast Refresh] done in 51ms @ http://localhost:3000/_next/static/chunks/node_modules_next_dist_1e8vcs8._.js:776
[   98668ms] [LOG] [Fast Refresh] done in 51ms @ http://localhost:3000/_next/static/chunks/node_modules_next_dist_1e8vcs8._.js:776
[   98731ms] [LOG] [Fast Refresh] done in 51ms @ http://localhost:3000/_next/static/chunks/node_modules_next_dist_1e8vcs8._.js:776
[   98793ms] [LOG] [Fast Refresh] done in 51ms @ http://localhost:3000/_next/static/chunks/node_modules_next_dist_1e8vcs8._.js:776
[   98856ms] [LOG] [Fast Refresh] done in 51ms @ http://localhost:3000/_next/static/chunks/node_modules_next_dist_1e8vcs8._.js:776
[   98919ms] [LOG] [Fast Refresh] done in 51ms @ http://localhost:3000/_next/static/chunks/node_modules_next_dist_1e8vcs8._.js:776
[   98981ms] [LOG] [Fast Refresh] done in 51ms @ http://localhost:3000/_next/static/chunks/node_modules_next_dist_1e8vcs8._.js:776
[   99043ms] [LOG] [Fast Refresh] done in 51ms @ http://localhost:3000/_next/static/chunks/node_modules_next_dist_1e8vcs8._.js:776
[   99106ms] [LOG] [Fast Refresh] done in 51ms @ http://localhost:3000/_next/static/chunks/node_modules_next_dist_1e8vcs8._.js:776
[   99169ms] [LOG] [Fast Refresh] done in 51ms @ http://localhost:3000/_next/static/chunks/node_modules_next_dist_1e8vcs8._.js:776
[   99232ms] [LOG] [Fast Refresh] done in 51ms @ http://localhost:3000/_next/static/chunks/node_modules_next_dist_1e8vcs8._.js:776
[   99294ms] [LOG] [Fast Refresh] done in 51ms @ http://localhost:3000/_next/static/chunks/node_modules_next_dist_1e8vcs8._.js:776
[   99356ms] [LOG] [Fast Refresh] done in 51ms @ http://localhost:3000/_next/static/chunks/node_modules_next_dist_1e8vcs8._.js:776
[   99419ms] [LOG] [Fast Refresh] done in 51ms @ http://localhost:3000/_next/static/chunks/node_modules_next_dist_1e8vcs8._.js:776
[   99481ms] [LOG] [Fast Refresh] done in 51ms @ http://localhost:3000/_next/static/chunks/node_modules_next_dist_1e8vcs8._.js:776
[   99544ms] [LOG] [Fast Refresh] done in 51ms @ http://localhost:3000/_next/static/chunks/node_modules_next_dist_1e8vcs8._.js:776
[   99606ms] [LOG] [Fast Refresh] done in 51ms @ http://localhost:3000/_next/static/chunks/node_modules_next_dist_1e8vcs8._.js:776
[   99668ms] [LOG] [Fast Refresh] done in 51ms @ http://localhost:3000/_next/static/chunks/node_modules_next_dist_1e8vcs8._.js:776
[   99729ms] [LOG] [Fast Refresh] done in 51ms @ http://localhost:3000/_next/static/chunks/node_modules_next_dist_1e8vcs8._.js:776
[   99791ms] [LOG] [Fast Refresh] done in 51ms @ http://localhost:3000/_next/static/chunks/node_modules_next_dist_1e8vcs8._.js:776
[   99853ms] [LOG] [Fast Refresh] done in 51ms @ http://localhost:3000/_next/static/chunks/node_modules_next_dist_1e8vcs8._.js:776
[   99916ms] [LOG] [Fast Refresh] done in 51ms @ http://localhost:3000/_next/static/chunks/node_modules_next_dist_1e8vcs8._.js:776
[   99977ms] [LOG] [Fast Refresh] done in 51ms @ http://localhost:3000/_next/static/chunks/node_modules_next_dist_1e8vcs8._.js:776
[  100039ms] [LOG] [Fast Refresh] done in 51ms @ http://localhost:3000/_next/static/chunks/node_modules_next_dist_1e8vcs8._.js:776
[  100102ms] [LOG] [Fast Refresh] done in 51ms @ http://localhost:3000/_next/static/chunks/node_modules_next_dist_1e8vcs8._.js:776
[  100164ms] [LOG] [Fast Refresh] done in 51ms @ http://localhost:3000/_next/static/chunks/node_modules_next_dist_1e8vcs8._.js:776
[  100227ms] [LOG] [Fast Refresh] done in 51ms @ http://localhost:3000/_next/static/chunks/node_modules_next_dist_1e8vcs8._.js:776
[  100288ms] [LOG] [Fast Refresh] done in 51ms @ http://localhost:3000/_next/static/chunks/node_modules_next_dist_1e8vcs8._.js:776
[  100350ms] [LOG] [Fast Refresh] done in 51ms @ http://localhost:3000/_next/static/chunks/node_modules_next_dist_1e8vcs8._.js:776
[  100411ms] [LOG] [Fast Refresh] done in 51ms @ http://localhost:3000/_next/static/chunks/node_modules_next_dist_1e8vcs8._.js:776
[  100475ms] [LOG] [Fast Refresh] done in 51ms @ http://localhost:3000/_next/static/chunks/node_modules_next_dist_1e8vcs8._.js:776
[  100536ms] [LOG] [Fast Refresh] done in 51ms @ http://localhost:3000/_next/static/chunks/node_modules_next_dist_1e8vcs8._.js:776
[  100600ms] [LOG] [Fast Refresh] done in 51ms @ http://localhost:3000/_next/static/chunks/node_modules_next_dist_1e8vcs8._.js:776
[  100663ms] [LOG] [Fast Refresh] done in 51ms @ http://localhost:3000/_next/static/chunks/node_modules_next_dist_1e8vcs8._.js:776
[  100724ms] [LOG] [Fast Refresh] done in 51ms @ http://localhost:3000/_next/static/chunks/node_modules_next_dist_1e8vcs8._.js:776
[  100787ms] [LOG] [Fast Refresh] done in 51ms @ http://localhost:3000/_next/static/chunks/node_modules_next_dist_1e8vcs8._.js:776
[  100850ms] [LOG] [Fast Refresh] done in 51ms @ http://localhost:3000/_next/static/chunks/node_modules_next_dist_1e8vcs8._.js:776
[  100912ms] [LOG] [Fast Refresh] done in 51ms @ http://localhost:3000/_next/static/chunks/node_modules_next_dist_1e8vcs8._.js:776
[  100974ms] [LOG] [Fast Refresh] done in 51ms @ http://localhost:3000/_next/static/chunks/node_modules_next_dist_1e8vcs8._.js:776
[  101037ms] [LOG] [Fast Refresh] done in 51ms @ http://localhost:3000/_next/static/chunks/node_modules_next_dist_1e8vcs8._.js:776
[  101098ms] [LOG] [Fast Refresh] done in 51ms @ http://localhost:3000/_next/static/chunks/node_modules_next_dist_1e8vcs8._.js:776
[  101159ms] [LOG] [Fast Refresh] done in 51ms @ http://localhost:3000/_next/static/chunks/node_modules_next_dist_1e8vcs8._.js:776
[  101222ms] [LOG] [Fast Refresh] done in 51ms @ http://localhost:3000/_next/static/chunks/node_modules_next_dist_1e8vcs8._.js:776
[  101284ms] [LOG] [Fast Refresh] done in 51ms @ http://localhost:3000/_next/static/chunks/node_modules_next_dist_1e8vcs8._.js:776
[  101345ms] [LOG] [Fast Refresh] done in 51ms @ http://localhost:3000/_next/static/chunks/node_modules_next_dist_1e8vcs8._.js:776
[  101406ms] [LOG] [Fast Refresh] done in 51ms @ http://localhost:3000/_next/static/chunks/node_modules_next_dist_1e8vcs8._.js:776
[  101469ms] [LOG] [Fast Refresh] done in 51ms @ http://localhost:3000/_next/static/chunks/node_modules_next_dist_1e8vcs8._.js:776
[  101531ms] [LOG] [Fast Refresh] done in 51ms @ http://localhost:3000/_next/static/chunks/node_modules_next_dist_1e8vcs8._.js:776
[  101594ms] [LOG] [Fast Refresh] done in 51ms @ http://localhost:3000/_next/static/chunks/node_modules_next_dist_1e8vcs8._.js:776
[  101658ms] [LOG] [Fast Refresh] done in 51ms @ http://localhost:3000/_next/static/chunks/node_modules_next_dist_1e8vcs8._.js:776
[  101721ms] [LOG] [Fast Refresh] done in 51ms @ http://localhost:3000/_next/static/chunks/node_modules_next_dist_1e8vcs8._.js:776
[  101783ms] [LOG] [Fast Refresh] done in 51ms @ http://localhost:3000/_next/static/chunks/node_modules_next_dist_1e8vcs8._.js:776
[  101845ms] [LOG] [Fast Refresh] done in 51ms @ http://localhost:3000/_next/static/chunks/node_modules_next_dist_1e8vcs8._.js:776
[  101906ms] [LOG] [Fast Refresh] done in 51ms @ http://localhost:3000/_next/static/chunks/node_modules_next_dist_1e8vcs8._.js:776
[  101969ms] [LOG] [Fast Refresh] done in 51ms @ http://localhost:3000/_next/static/chunks/node_modules_next_dist_1e8vcs8._.js:776
[  102031ms] [LOG] [Fast Refresh] done in 51ms @ http://localhost:3000/_next/static/chunks/node_modules_next_dist_1e8vcs8._.js:776
[  102094ms] [LOG] [Fast Refresh] done in 51ms @ http://localhost:3000/_next/static/chunks/node_modules_next_dist_1e8vcs8._.js:776
[  102156ms] [LOG] [Fast Refresh] done in 51ms @ http://localhost:3000/_next/static/chunks/node_modules_next_dist_1e8vcs8._.js:776
[  102219ms] [LOG] [Fast Refresh] done in 51ms @ http://localhost:3000/_next/static/chunks/node_modules_next_dist_1e8vcs8._.js:776
[  102280ms] [LOG] [Fast Refresh] done in 51ms @ http://localhost:3000/_next/static/chunks/node_modules_next_dist_1e8vcs8._.js:776
[  102343ms] [LOG] [Fast Refresh] done in 51ms @ http://localhost:3000/_next/static/chunks/node_modules_next_dist_1e8vcs8._.js:776
[  102404ms] [LOG] [Fast Refresh] done in 51ms @ http://localhost:3000/_next/static/chunks/node_modules_next_dist_1e8vcs8._.js:776
[  102467ms] [LOG] [Fast Refresh] done in 51ms @ http://localhost:3000/_next/static/chunks/node_modules_next_dist_1e8vcs8._.js:776
[  102529ms] [LOG] [Fast Refresh] done in 51ms @ http://localhost:3000/_next/static/chunks/node_modules_next_dist_1e8vcs8._.js:776
[  102591ms] [LOG] [Fast Refresh] done in 51ms @ http://localhost:3000/_next/static/chunks/node_modules_next_dist_1e8vcs8._.js:776
[  102653ms] [LOG] [Fast Refresh] done in 51ms @ http://localhost:3000/_next/static/chunks/node_modules_next_dist_1e8vcs8._.js:776
[  102717ms] [LOG] [Fast Refresh] done in 51ms @ http://localhost:3000/_next/static/chunks/node_modules_next_dist_1e8vcs8._.js:776
[  102780ms] [LOG] [Fast Refresh] done in 51ms @ http://localhost:3000/_next/static/chunks/node_modules_next_dist_1e8vcs8._.js:776
[  102843ms] [LOG] [Fast Refresh] done in 51ms @ http://localhost:3000/_next/static/chunks/node_modules_next_dist_1e8vcs8._.js:776
[  102904ms] [LOG] [Fast Refresh] done in 51ms @ http://localhost:3000/_next/static/chunks/node_modules_next_dist_1e8vcs8._.js:776
[  102967ms] [LOG] [Fast Refresh] done in 51ms @ http://localhost:3000/_next/static/chunks/node_modules_next_dist_1e8vcs8._.js:776
[  103030ms] [LOG] [Fast Refresh] done in 51ms @ http://localhost:3000/_next/static/chunks/node_modules_next_dist_1e8vcs8._.js:776
[  103090ms] [LOG] [Fast Refresh] done in 51ms @ http://localhost:3000/_next/static/chunks/node_modules_next_dist_1e8vcs8._.js:776
[  103151ms] [LOG] [Fast Refresh] done in 51ms @ http://localhost:3000/_next/static/chunks/node_modules_next_dist_1e8vcs8._.js:776
[  103213ms] [LOG] [Fast Refresh] done in 51ms @ http://localhost:3000/_next/static/chunks/node_modules_next_dist_1e8vcs8._.js:776
[  103276ms] [LOG] [Fast Refresh] done in 51ms @ http://localhost:3000/_next/static/chunks/node_modules_next_dist_1e8vcs8._.js:776
[  103338ms] [LOG] [Fast Refresh] done in 51ms @ http://localhost:3000/_next/static/chunks/node_modules_next_dist_1e8vcs8._.js:776
[  103401ms] [LOG] [Fast Refresh] done in 51ms @ http://localhost:3000/_next/static/chunks/node_modules_next_dist_1e8vcs8._.js:776
[  103464ms] [LOG] [Fast Refresh] done in 51ms @ http://localhost:3000/_next/static/chunks/node_modules_next_dist_1e8vcs8._.js:776
[  103525ms] [LOG] [Fast Refresh] done in 51ms @ http://localhost:3000/_next/static/chunks/node_modules_next_dist_1e8vcs8._.js:776
[  103587ms] [LOG] [Fast Refresh] done in 51ms @ http://localhost:3000/_next/static/chunks/node_modules_next_dist_1e8vcs8._.js:776
[  103648ms] [LOG] [Fast Refresh] done in 51ms @ http://localhost:3000/_next/static/chunks/node_modules_next_dist_1e8vcs8._.js:776
[  103711ms] [LOG] [Fast Refresh] done in 51ms @ http://localhost:3000/_next/static/chunks/node_modules_next_dist_1e8vcs8._.js:776
[  103774ms] [LOG] [Fast Refresh] done in 51ms @ http://localhost:3000/_next/static/chunks/node_modules_next_dist_1e8vcs8._.js:776
[  103836ms] [LOG] [Fast Refresh] done in 51ms @ http://localhost:3000/_next/static/chunks/node_modules_next_dist_1e8vcs8._.js:776
[  103897ms] [LOG] [Fast Refresh] done in 51ms @ http://localhost:3000/_next/static/chunks/node_modules_next_dist_1e8vcs8._.js:776
[  103961ms] [LOG] [Fast Refresh] done in 51ms @ http://localhost:3000/_next/static/chunks/node_modules_next_dist_1e8vcs8._.js:776
[  104022ms] [LOG] [Fast Refresh] done in 51ms @ http://localhost:3000/_next/static/chunks/node_modules_next_dist_1e8vcs8._.js:776
[  104083ms] [LOG] [Fast Refresh] done in 51ms @ http://localhost:3000/_next/static/chunks/node_modules_next_dist_1e8vcs8._.js:776
[  104145ms] [LOG] [Fast Refresh] done in 51ms @ http://localhost:3000/_next/static/chunks/node_modules_next_dist_1e8vcs8._.js:776
[  104206ms] [LOG] [Fast Refresh] done in 51ms @ http://localhost:3000/_next/static/chunks/node_modules_next_dist_1e8vcs8._.js:776
[  104268ms] [LOG] [Fast Refresh] done in 51ms @ http://localhost:3000/_next/static/chunks/node_modules_next_dist_1e8vcs8._.js:776
[  104331ms] [LOG] [Fast Refresh] done in 51ms @ http://localhost:3000/_next/static/chunks/node_modules_next_dist_1e8vcs8._.js:776
[  104395ms] [LOG] [Fast Refresh] done in 51ms @ http://localhost:3000/_next/static/chunks/node_modules_next_dist_1e8vcs8._.js:776
[  104457ms] [LOG] [Fast Refresh] done in 51ms @ http://localhost:3000/_next/static/chunks/node_modules_next_dist_1e8vcs8._.js:776
[  104519ms] [LOG] [Fast Refresh] done in 51ms @ http://localhost:3000/_next/static/chunks/node_modules_next_dist_1e8vcs8._.js:776
[  104582ms] [LOG] [Fast Refresh] done in 51ms @ http://localhost:3000/_next/static/chunks/node_modules_next_dist_1e8vcs8._.js:776
[  104642ms] [LOG] [Fast Refresh] done in 51ms @ http://localhost:3000/_next/static/chunks/node_modules_next_dist_1e8vcs8._.js:776
[  104704ms] [LOG] [Fast Refresh] done in 51ms @ http://localhost:3000/_next/static/chunks/node_modules_next_dist_1e8vcs8._.js:776
[  104767ms] [LOG] [Fast Refresh] done in 51ms @ http://localhost:3000/_next/static/chunks/node_modules_next_dist_1e8vcs8._.js:776
[  104829ms] [LOG] [Fast Refresh] done in 51ms @ http://localhost:3000/_next/static/chunks/node_modules_next_dist_1e8vcs8._.js:776
[  104892ms] [LOG] [Fast Refresh] done in 51ms @ http://localhost:3000/_next/static/chunks/node_modules_next_dist_1e8vcs8._.js:776
[  104956ms] [LOG] [Fast Refresh] done in 51ms @ http://localhost:3000/_next/static/chunks/node_modules_next_dist_1e8vcs8._.js:776
[  105018ms] [LOG] [Fast Refresh] done in 51ms @ http://localhost:3000/_next/static/chunks/node_modules_next_dist_1e8vcs8._.js:776
[  105080ms] [LOG] [Fast Refresh] done in 51ms @ http://localhost:3000/_next/static/chunks/node_modules_next_dist_1e8vcs8._.js:776
[  105142ms] [LOG] [Fast Refresh] done in 51ms @ http://localhost:3000/_next/static/chunks/node_modules_next_dist_1e8vcs8._.js:776
[  105205ms] [LOG] [Fast Refresh] done in 51ms @ http://localhost:3000/_next/static/chunks/node_modules_next_dist_1e8vcs8._.js:776
[  105268ms] [LOG] [Fast Refresh] done in 51ms @ http://localhost:3000/_next/static/chunks/node_modules_next_dist_1e8vcs8._.js:776
[  105331ms] [LOG] [Fast Refresh] done in 51ms @ http://localhost:3000/_next/static/chunks/node_modules_next_dist_1e8vcs8._.js:776
[  105393ms] [LOG] [Fast Refresh] done in 51ms @ http://localhost:3000/_next/static/chunks/node_modules_next_dist_1e8vcs8._.js:776
[  105456ms] [LOG] [Fast Refresh] done in 51ms @ http://localhost:3000/_next/static/chunks/node_modules_next_dist_1e8vcs8._.js:776
[  105518ms] [LOG] [Fast Refresh] done in 51ms @ http://localhost:3000/_next/static/chunks/node_modules_next_dist_1e8vcs8._.js:776
[  105580ms] [LOG] [Fast Refresh] done in 51ms @ http://localhost:3000/_next/static/chunks/node_modules_next_dist_1e8vcs8._.js:776
[  105643ms] [LOG] [Fast Refresh] done in 51ms @ http://localhost:3000/_next/static/chunks/node_modules_next_dist_1e8vcs8._.js:776
[  105704ms] [LOG] [Fast Refresh] done in 51ms @ http://localhost:3000/_next/static/chunks/node_modules_next_dist_1e8vcs8._.js:776
[  105767ms] [LOG] [Fast Refresh] done in 51ms @ http://localhost:3000/_next/static/chunks/node_modules_next_dist_1e8vcs8._.js:776
[  105829ms] [LOG] [Fast Refresh] done in 51ms @ http://localhost:3000/_next/static/chunks/node_modules_next_dist_1e8vcs8._.js:776
[  105890ms] [LOG] [Fast Refresh] done in 51ms @ http://localhost:3000/_next/static/chunks/node_modules_next_dist_1e8vcs8._.js:776
[  105952ms] [LOG] [Fast Refresh] done in 51ms @ http://localhost:3000/_next/static/chunks/node_modules_next_dist_1e8vcs8._.js:776
[  106014ms] [LOG] [Fast Refresh] done in 51ms @ http://localhost:3000/_next/static/chunks/node_modules_next_dist_1e8vcs8._.js:776
[  106076ms] [LOG] [Fast Refresh] done in 51ms @ http://localhost:3000/_next/static/chunks/node_modules_next_dist_1e8vcs8._.js:776
[  106138ms] [LOG] [Fast Refresh] done in 51ms @ http://localhost:3000/_next/static/chunks/node_modules_next_dist_1e8vcs8._.js:776
[  106201ms] [LOG] [Fast Refresh] done in 51ms @ http://localhost:3000/_next/static/chunks/node_modules_next_dist_1e8vcs8._.js:776
[  106263ms] [LOG] [Fast Refresh] done in 51ms @ http://localhost:3000/_next/static/chunks/node_modules_next_dist_1e8vcs8._.js:776
[  106325ms] [LOG] [Fast Refresh] done in 51ms @ http://localhost:3000/_next/static/chunks/node_modules_next_dist_1e8vcs8._.js:776
[  106387ms] [LOG] [Fast Refresh] done in 51ms @ http://localhost:3000/_next/static/chunks/node_modules_next_dist_1e8vcs8._.js:776
[  106450ms] [LOG] [Fast Refresh] done in 51ms @ http://localhost:3000/_next/static/chunks/node_modules_next_dist_1e8vcs8._.js:776
[  106512ms] [LOG] [Fast Refresh] done in 51ms @ http://localhost:3000/_next/static/chunks/node_modules_next_dist_1e8vcs8._.js:776
[  106575ms] [LOG] [Fast Refresh] done in 51ms @ http://localhost:3000/_next/static/chunks/node_modules_next_dist_1e8vcs8._.js:776
[  106637ms] [LOG] [Fast Refresh] done in 51ms @ http://localhost:3000/_next/static/chunks/node_modules_next_dist_1e8vcs8._.js:776
[  106700ms] [LOG] [Fast Refresh] done in 51ms @ http://localhost:3000/_next/static/chunks/node_modules_next_dist_1e8vcs8._.js:776
[  106762ms] [LOG] [Fast Refresh] done in 51ms @ http://localhost:3000/_next/static/chunks/node_modules_next_dist_1e8vcs8._.js:776
[  106825ms] [LOG] [Fast Refresh] done in 51ms @ http://localhost:3000/_next/static/chunks/node_modules_next_dist_1e8vcs8._.js:776
[  106888ms] [LOG] [Fast Refresh] done in 51ms @ http://localhost:3000/_next/static/chunks/node_modules_next_dist_1e8vcs8._.js:776
[  106949ms] [LOG] [Fast Refresh] done in 51ms @ http://localhost:3000/_next/static/chunks/node_modules_next_dist_1e8vcs8._.js:776
[  107012ms] [LOG] [Fast Refresh] done in 51ms @ http://localhost:3000/_next/static/chunks/node_modules_next_dist_1e8vcs8._.js:776
[  107074ms] [LOG] [Fast Refresh] done in 51ms @ http://localhost:3000/_next/static/chunks/node_modules_next_dist_1e8vcs8._.js:776
[  107136ms] [LOG] [Fast Refresh] done in 51ms @ http://localhost:3000/_next/static/chunks/node_modules_next_dist_1e8vcs8._.js:776
[  107199ms] [LOG] [Fast Refresh] done in 51ms @ http://localhost:3000/_next/static/chunks/node_modules_next_dist_1e8vcs8._.js:776
[  107261ms] [LOG] [Fast Refresh] done in 51ms @ http://localhost:3000/_next/static/chunks/node_modules_next_dist_1e8vcs8._.js:776
[  107323ms] [LOG] [Fast Refresh] done in 51ms @ http://localhost:3000/_next/static/chunks/node_modules_next_dist_1e8vcs8._.js:776
[  107383ms] [LOG] [Fast Refresh] done in 51ms @ http://localhost:3000/_next/static/chunks/node_modules_next_dist_1e8vcs8._.js:776
[  107445ms] [LOG] [Fast Refresh] done in 51ms @ http://localhost:3000/_next/static/chunks/node_modules_next_dist_1e8vcs8._.js:776
[  107507ms] [LOG] [Fast Refresh] done in 51ms @ http://localhost:3000/_next/static/chunks/node_modules_next_dist_1e8vcs8._.js:776
[  107568ms] [LOG] [Fast Refresh] done in 51ms @ http://localhost:3000/_next/static/chunks/node_modules_next_dist_1e8vcs8._.js:776
[  107630ms] [LOG] [Fast Refresh] done in 51ms @ http://localhost:3000/_next/static/chunks/node_modules_next_dist_1e8vcs8._.js:776
[  107693ms] [LOG] [Fast Refresh] done in 51ms @ http://localhost:3000/_next/static/chunks/node_modules_next_dist_1e8vcs8._.js:776
[  107754ms] [LOG] [Fast Refresh] done in 51ms @ http://localhost:3000/_next/static/chunks/node_modules_next_dist_1e8vcs8._.js:776
[  107814ms] [LOG] [Fast Refresh] done in 51ms @ http://localhost:3000/_next/static/chunks/node_modules_next_dist_1e8vcs8._.js:776
[  107876ms] [LOG] [Fast Refresh] done in 51ms @ http://localhost:3000/_next/static/chunks/node_modules_next_dist_1e8vcs8._.js:776
[  107938ms] [LOG] [Fast Refresh] done in 51ms @ http://localhost:3000/_next/static/chunks/node_modules_next_dist_1e8vcs8._.js:776
[  107998ms] [LOG] [Fast Refresh] done in 51ms @ http://localhost:3000/_next/static/chunks/node_modules_next_dist_1e8vcs8._.js:776
[  108060ms] [LOG] [Fast Refresh] done in 51ms @ http://localhost:3000/_next/static/chunks/node_modules_next_dist_1e8vcs8._.js:776
[  108120ms] [LOG] [Fast Refresh] done in 51ms @ http://localhost:3000/_next/static/chunks/node_modules_next_dist_1e8vcs8._.js:776
[  108181ms] [LOG] [Fast Refresh] done in 51ms @ http://localhost:3000/_next/static/chunks/node_modules_next_dist_1e8vcs8._.js:776
[  108242ms] [LOG] [Fast Refresh] done in 51ms @ http://localhost:3000/_next/static/chunks/node_modules_next_dist_1e8vcs8._.js:776
[  108303ms] [LOG] [Fast Refresh] done in 51ms @ http://localhost:3000/_next/static/chunks/node_modules_next_dist_1e8vcs8._.js:776
[  108363ms] [LOG] [Fast Refresh] done in 51ms @ http://localhost:3000/_next/static/chunks/node_modules_next_dist_1e8vcs8._.js:776
[  108425ms] [LOG] [Fast Refresh] done in 51ms @ http://localhost:3000/_next/static/chunks/node_modules_next_dist_1e8vcs8._.js:776
[  108485ms] [LOG] [Fast Refresh] done in 51ms @ http://localhost:3000/_next/static/chunks/node_modules_next_dist_1e8vcs8._.js:776
[  108548ms] [LOG] [Fast Refresh] done in 51ms @ http://localhost:3000/_next/static/chunks/node_modules_next_dist_1e8vcs8._.js:776
[  108610ms] [LOG] [Fast Refresh] done in 51ms @ http://localhost:3000/_next/static/chunks/node_modules_next_dist_1e8vcs8._.js:776
[  108672ms] [LOG] [Fast Refresh] done in 51ms @ http://localhost:3000/_next/static/chunks/node_modules_next_dist_1e8vcs8._.js:776
[  108733ms] [LOG] [Fast Refresh] done in 51ms @ http://localhost:3000/_next/static/chunks/node_modules_next_dist_1e8vcs8._.js:776
[  108795ms] [LOG] [Fast Refresh] done in 51ms @ http://localhost:3000/_next/static/chunks/node_modules_next_dist_1e8vcs8._.js:776
[  108857ms] [LOG] [Fast Refresh] done in 51ms @ http://localhost:3000/_next/static/chunks/node_modules_next_dist_1e8vcs8._.js:776
[  108921ms] [LOG] [Fast Refresh] done in 51ms @ http://localhost:3000/_next/static/chunks/node_modules_next_dist_1e8vcs8._.js:776
[  108982ms] [LOG] [Fast Refresh] done in 51ms @ http://localhost:3000/_next/static/chunks/node_modules_next_dist_1e8vcs8._.js:776
[  109044ms] [LOG] [Fast Refresh] done in 51ms @ http://localhost:3000/_next/static/chunks/node_modules_next_dist_1e8vcs8._.js:776
[  109107ms] [LOG] [Fast Refresh] done in 51ms @ http://localhost:3000/_next/static/chunks/node_modules_next_dist_1e8vcs8._.js:776
[  109170ms] [LOG] [Fast Refresh] done in 51ms @ http://localhost:3000/_next/static/chunks/node_modules_next_dist_1e8vcs8._.js:776
[  109232ms] [LOG] [Fast Refresh] done in 51ms @ http://localhost:3000/_next/static/chunks/node_modules_next_dist_1e8vcs8._.js:776
[  109293ms] [LOG] [Fast Refresh] done in 51ms @ http://localhost:3000/_next/static/chunks/node_modules_next_dist_1e8vcs8._.js:776
[  109356ms] [LOG] [Fast Refresh] done in 51ms @ http://localhost:3000/_next/static/chunks/node_modules_next_dist_1e8vcs8._.js:776
[  109419ms] [LOG] [Fast Refresh] done in 51ms @ http://localhost:3000/_next/static/chunks/node_modules_next_dist_1e8vcs8._.js:776
[  109481ms] [LOG] [Fast Refresh] done in 51ms @ http://localhost:3000/_next/static/chunks/node_modules_next_dist_1e8vcs8._.js:776
[  109544ms] [LOG] [Fast Refresh] done in 51ms @ http://localhost:3000/_next/static/chunks/node_modules_next_dist_1e8vcs8._.js:776
[  109606ms] [LOG] [Fast Refresh] done in 51ms @ http://localhost:3000/_next/static/chunks/node_modules_next_dist_1e8vcs8._.js:776
[  109669ms] [LOG] [Fast Refresh] done in 51ms @ http://localhost:3000/_next/static/chunks/node_modules_next_dist_1e8vcs8._.js:776
[  109731ms] [LOG] [Fast Refresh] done in 51ms @ http://localhost:3000/_next/static/chunks/node_modules_next_dist_1e8vcs8._.js:776
[  109794ms] [LOG] [Fast Refresh] done in 51ms @ http://localhost:3000/_next/static/chunks/node_modules_next_dist_1e8vcs8._.js:776
[  109856ms] [LOG] [Fast Refresh] done in 51ms @ http://localhost:3000/_next/static/chunks/node_modules_next_dist_1e8vcs8._.js:776
[  109920ms] [LOG] [Fast Refresh] done in 51ms @ http://localhost:3000/_next/static/chunks/node_modules_next_dist_1e8vcs8._.js:776
[  109981ms] [LOG] [Fast Refresh] done in 51ms @ http://localhost:3000/_next/static/chunks/node_modules_next_dist_1e8vcs8._.js:776
[  110044ms] [LOG] [Fast Refresh] done in 51ms @ http://localhost:3000/_next/static/chunks/node_modules_next_dist_1e8vcs8._.js:776
[  110107ms] [LOG] [Fast Refresh] done in 51ms @ http://localhost:3000/_next/static/chunks/node_modules_next_dist_1e8vcs8._.js:776
[  110171ms] [LOG] [Fast Refresh] done in 51ms @ http://localhost:3000/_next/static/chunks/node_modules_next_dist_1e8vcs8._.js:776
[  110232ms] [LOG] [Fast Refresh] done in 51ms @ http://localhost:3000/_next/static/chunks/node_modules_next_dist_1e8vcs8._.js:776
[  110294ms] [LOG] [Fast Refresh] done in 51ms @ http://localhost:3000/_next/static/chunks/node_modules_next_dist_1e8vcs8._.js:776
[  110358ms] [LOG] [Fast Refresh] done in 51ms @ http://localhost:3000/_next/static/chunks/node_modules_next_dist_1e8vcs8._.js:776
[  110420ms] [LOG] [Fast Refresh] done in 51ms @ http://localhost:3000/_next/static/chunks/node_modules_next_dist_1e8vcs8._.js:776
[  110481ms] [LOG] [Fast Refresh] done in 51ms @ http://localhost:3000/_next/static/chunks/node_modules_next_dist_1e8vcs8._.js:776
[  110544ms] [LOG] [Fast Refresh] done in 51ms @ http://localhost:3000/_next/static/chunks/node_modules_next_dist_1e8vcs8._.js:776
[  110606ms] [LOG] [Fast Refresh] done in 51ms @ http://localhost:3000/_next/static/chunks/node_modules_next_dist_1e8vcs8._.js:776
[  110668ms] [LOG] [Fast Refresh] done in 51ms @ http://localhost:3000/_next/static/chunks/node_modules_next_dist_1e8vcs8._.js:776
[  110729ms] [LOG] [Fast Refresh] done in 51ms @ http://localhost:3000/_next/static/chunks/node_modules_next_dist_1e8vcs8._.js:776
[  110791ms] [LOG] [Fast Refresh] done in 51ms @ http://localhost:3000/_next/static/chunks/node_modules_next_dist_1e8vcs8._.js:776
[  110853ms] [LOG] [Fast Refresh] done in 51ms @ http://localhost:3000/_next/static/chunks/node_modules_next_dist_1e8vcs8._.js:776
[  110914ms] [LOG] [Fast Refresh] done in 51ms @ http://localhost:3000/_next/static/chunks/node_modules_next_dist_1e8vcs8._.js:776
[  110977ms] [LOG] [Fast Refresh] done in 51ms @ http://localhost:3000/_next/static/chunks/node_modules_next_dist_1e8vcs8._.js:776
[  111039ms] [LOG] [Fast Refresh] done in 51ms @ http://localhost:3000/_next/static/chunks/node_modules_next_dist_1e8vcs8._.js:776
[  111103ms] [LOG] [Fast Refresh] done in 51ms @ http://localhost:3000/_next/static/chunks/node_modules_next_dist_1e8vcs8._.js:776
[  111165ms] [LOG] [Fast Refresh] done in 51ms @ http://localhost:3000/_next/static/chunks/node_modules_next_dist_1e8vcs8._.js:776
[  111228ms] [LOG] [Fast Refresh] done in 51ms @ http://localhost:3000/_next/static/chunks/node_modules_next_dist_1e8vcs8._.js:776
[  111288ms] [LOG] [Fast Refresh] done in 51ms @ http://localhost:3000/_next/static/chunks/node_modules_next_dist_1e8vcs8._.js:776
[  111350ms] [LOG] [Fast Refresh] done in 51ms @ http://localhost:3000/_next/static/chunks/node_modules_next_dist_1e8vcs8._.js:776
[  111411ms] [LOG] [Fast Refresh] done in 51ms @ http://localhost:3000/_next/static/chunks/node_modules_next_dist_1e8vcs8._.js:776
[  111473ms] [LOG] [Fast Refresh] done in 51ms @ http://localhost:3000/_next/static/chunks/node_modules_next_dist_1e8vcs8._.js:776
[  111536ms] [LOG] [Fast Refresh] done in 51ms @ http://localhost:3000/_next/static/chunks/node_modules_next_dist_1e8vcs8._.js:776
[  111599ms] [LOG] [Fast Refresh] done in 51ms @ http://localhost:3000/_next/static/chunks/node_modules_next_dist_1e8vcs8._.js:776
[  111661ms] [LOG] [Fast Refresh] done in 51ms @ http://localhost:3000/_next/static/chunks/node_modules_next_dist_1e8vcs8._.js:776
[  111724ms] [LOG] [Fast Refresh] done in 51ms @ http://localhost:3000/_next/static/chunks/node_modules_next_dist_1e8vcs8._.js:776
[  111788ms] [LOG] [Fast Refresh] done in 51ms @ http://localhost:3000/_next/static/chunks/node_modules_next_dist_1e8vcs8._.js:776
[  111852ms] [LOG] [Fast Refresh] done in 51ms @ http://localhost:3000/_next/static/chunks/node_modules_next_dist_1e8vcs8._.js:776
[  111915ms] [LOG] [Fast Refresh] done in 51ms @ http://localhost:3000/_next/static/chunks/node_modules_next_dist_1e8vcs8._.js:776
[  111977ms] [LOG] [Fast Refresh] done in 51ms @ http://localhost:3000/_next/static/chunks/node_modules_next_dist_1e8vcs8._.js:776
[  112039ms] [LOG] [Fast Refresh] done in 51ms @ http://localhost:3000/_next/static/chunks/node_modules_next_dist_1e8vcs8._.js:776
[  112103ms] [LOG] [Fast Refresh] done in 51ms @ http://localhost:3000/_next/static/chunks/node_modules_next_dist_1e8vcs8._.js:776
[  112165ms] [LOG] [Fast Refresh] done in 51ms @ http://localhost:3000/_next/static/chunks/node_modules_next_dist_1e8vcs8._.js:776
[  112225ms] [LOG] [Fast Refresh] done in 51ms @ http://localhost:3000/_next/static/chunks/node_modules_next_dist_1e8vcs8._.js:776
[  112288ms] [LOG] [Fast Refresh] done in 51ms @ http://localhost:3000/_next/static/chunks/node_modules_next_dist_1e8vcs8._.js:776
[  112351ms] [LOG] [Fast Refresh] done in 51ms @ http://localhost:3000/_next/static/chunks/node_modules_next_dist_1e8vcs8._.js:776
[  112413ms] [LOG] [Fast Refresh] done in 51ms @ http://localhost:3000/_next/static/chunks/node_modules_next_dist_1e8vcs8._.js:776
[  112476ms] [LOG] [Fast Refresh] done in 51ms @ http://localhost:3000/_next/static/chunks/node_modules_next_dist_1e8vcs8._.js:776
[  112538ms] [LOG] [Fast Refresh] done in 51ms @ http://localhost:3000/_next/static/chunks/node_modules_next_dist_1e8vcs8._.js:776
[  112601ms] [LOG] [Fast Refresh] done in 51ms @ http://localhost:3000/_next/static/chunks/node_modules_next_dist_1e8vcs8._.js:776
[  112664ms] [LOG] [Fast Refresh] done in 51ms @ http://localhost:3000/_next/static/chunks/node_modules_next_dist_1e8vcs8._.js:776
[  112726ms] [LOG] [Fast Refresh] done in 51ms @ http://localhost:3000/_next/static/chunks/node_modules_next_dist_1e8vcs8._.js:776
[  112787ms] [LOG] [Fast Refresh] done in 51ms @ http://localhost:3000/_next/static/chunks/node_modules_next_dist_1e8vcs8._.js:776
[  112848ms] [LOG] [Fast Refresh] done in 51ms @ http://localhost:3000/_next/static/chunks/node_modules_next_dist_1e8vcs8._.js:776
[  112912ms] [LOG] [Fast Refresh] done in 51ms @ http://localhost:3000/_next/static/chunks/node_modules_next_dist_1e8vcs8._.js:776
[  112975ms] [LOG] [Fast Refresh] done in 51ms @ http://localhost:3000/_next/static/chunks/node_modules_next_dist_1e8vcs8._.js:776
[  113037ms] [LOG] [Fast Refresh] done in 51ms @ http://localhost:3000/_next/static/chunks/node_modules_next_dist_1e8vcs8._.js:776
[  113099ms] [LOG] [Fast Refresh] done in 51ms @ http://localhost:3000/_next/static/chunks/node_modules_next_dist_1e8vcs8._.js:776
[  113161ms] [LOG] [Fast Refresh] done in 51ms @ http://localhost:3000/_next/static/chunks/node_modules_next_dist_1e8vcs8._.js:776
[  113222ms] [LOG] [Fast Refresh] done in 51ms @ http://localhost:3000/_next/static/chunks/node_modules_next_dist_1e8vcs8._.js:776
[  113284ms] [LOG] [Fast Refresh] done in 51ms @ http://localhost:3000/_next/static/chunks/node_modules_next_dist_1e8vcs8._.js:776
[  113346ms] [LOG] [Fast Refresh] done in 51ms @ http://localhost:3000/_next/static/chunks/node_modules_next_dist_1e8vcs8._.js:776
[  113409ms] [LOG] [Fast Refresh] done in 51ms @ http://localhost:3000/_next/static/chunks/node_modules_next_dist_1e8vcs8._.js:776
[  113471ms] [LOG] [Fast Refresh] done in 51ms @ http://localhost:3000/_next/static/chunks/node_modules_next_dist_1e8vcs8._.js:776
[  113532ms] [LOG] [Fast Refresh] done in 51ms @ http://localhost:3000/_next/static/chunks/node_modules_next_dist_1e8vcs8._.js:776
[  113595ms] [LOG] [Fast Refresh] done in 51ms @ http://localhost:3000/_next/static/chunks/node_modules_next_dist_1e8vcs8._.js:776
[  113658ms] [LOG] [Fast Refresh] done in 51ms @ http://localhost:3000/_next/static/chunks/node_modules_next_dist_1e8vcs8._.js:776
[  113721ms] [LOG] [Fast Refresh] done in 51ms @ http://localhost:3000/_next/static/chunks/node_modules_next_dist_1e8vcs8._.js:776
[  113783ms] [LOG] [Fast Refresh] done in 51ms @ http://localhost:3000/_next/static/chunks/node_modules_next_dist_1e8vcs8._.js:776
[  113846ms] [LOG] [Fast Refresh] done in 51ms @ http://localhost:3000/_next/static/chunks/node_modules_next_dist_1e8vcs8._.js:776
[  113908ms] [LOG] [Fast Refresh] done in 51ms @ http://localhost:3000/_next/static/chunks/node_modules_next_dist_1e8vcs8._.js:776
[  113970ms] [LOG] [Fast Refresh] done in 51ms @ http://localhost:3000/_next/static/chunks/node_modules_next_dist_1e8vcs8._.js:776
[  114034ms] [LOG] [Fast Refresh] done in 51ms @ http://localhost:3000/_next/static/chunks/node_modules_next_dist_1e8vcs8._.js:776
[  114096ms] [LOG] [Fast Refresh] done in 51ms @ http://localhost:3000/_next/static/chunks/node_modules_next_dist_1e8vcs8._.js:776
[  114158ms] [LOG] [Fast Refresh] done in 51ms @ http://localhost:3000/_next/static/chunks/node_modules_next_dist_1e8vcs8._.js:776
[  114220ms] [LOG] [Fast Refresh] done in 51ms @ http://localhost:3000/_next/static/chunks/node_modules_next_dist_1e8vcs8._.js:776
[  114282ms] [LOG] [Fast Refresh] done in 51ms @ http://localhost:3000/_next/static/chunks/node_modules_next_dist_1e8vcs8._.js:776
[  114344ms] [LOG] [Fast Refresh] done in 51ms @ http://localhost:3000/_next/static/chunks/node_modules_next_dist_1e8vcs8._.js:776
[  114406ms] [LOG] [Fast Refresh] done in 51ms @ http://localhost:3000/_next/static/chunks/node_modules_next_dist_1e8vcs8._.js:776
[  114469ms] [LOG] [Fast Refresh] done in 51ms @ http://localhost:3000/_next/static/chunks/node_modules_next_dist_1e8vcs8._.js:776
[  114532ms] [LOG] [Fast Refresh] done in 51ms @ http://localhost:3000/_next/static/chunks/node_modules_next_dist_1e8vcs8._.js:776
[  114594ms] [LOG] [Fast Refresh] done in 51ms @ http://localhost:3000/_next/static/chunks/node_modules_next_dist_1e8vcs8._.js:776
[  114658ms] [LOG] [Fast Refresh] done in 51ms @ http://localhost:3000/_next/static/chunks/node_modules_next_dist_1e8vcs8._.js:776
[  114720ms] [LOG] [Fast Refresh] done in 51ms @ http://localhost:3000/_next/static/chunks/node_modules_next_dist_1e8vcs8._.js:776
[  114783ms] [LOG] [Fast Refresh] done in 51ms @ http://localhost:3000/_next/static/chunks/node_modules_next_dist_1e8vcs8._.js:776
[  114847ms] [LOG] [Fast Refresh] done in 51ms @ http://localhost:3000/_next/static/chunks/node_modules_next_dist_1e8vcs8._.js:776
[  114910ms] [LOG] [Fast Refresh] done in 51ms @ http://localhost:3000/_next/static/chunks/node_modules_next_dist_1e8vcs8._.js:776
[  114973ms] [LOG] [Fast Refresh] done in 51ms @ http://localhost:3000/_next/static/chunks/node_modules_next_dist_1e8vcs8._.js:776
[  115035ms] [LOG] [Fast Refresh] done in 51ms @ http://localhost:3000/_next/static/chunks/node_modules_next_dist_1e8vcs8._.js:776
[  115097ms] [LOG] [Fast Refresh] done in 51ms @ http://localhost:3000/_next/static/chunks/node_modules_next_dist_1e8vcs8._.js:776
[  115160ms] [LOG] [Fast Refresh] done in 51ms @ http://localhost:3000/_next/static/chunks/node_modules_next_dist_1e8vcs8._.js:776
[  115223ms] [LOG] [Fast Refresh] done in 51ms @ http://localhost:3000/_next/static/chunks/node_modules_next_dist_1e8vcs8._.js:776
[  115285ms] [LOG] [Fast Refresh] done in 51ms @ http://localhost:3000/_next/static/chunks/node_modules_next_dist_1e8vcs8._.js:776
[  115348ms] [LOG] [Fast Refresh] done in 51ms @ http://localhost:3000/_next/static/chunks/node_modules_next_dist_1e8vcs8._.js:776
[  115412ms] [LOG] [Fast Refresh] done in 51ms @ http://localhost:3000/_next/static/chunks/node_modules_next_dist_1e8vcs8._.js:776
[  115474ms] [LOG] [Fast Refresh] done in 51ms @ http://localhost:3000/_next/static/chunks/node_modules_next_dist_1e8vcs8._.js:776
[  115538ms] [LOG] [Fast Refresh] done in 51ms @ http://localhost:3000/_next/static/chunks/node_modules_next_dist_1e8vcs8._.js:776
[  115601ms] [LOG] [Fast Refresh] done in 51ms @ http://localhost:3000/_next/static/chunks/node_modules_next_dist_1e8vcs8._.js:776
[  115663ms] [LOG] [Fast Refresh] done in 51ms @ http://localhost:3000/_next/static/chunks/node_modules_next_dist_1e8vcs8._.js:776
[  115725ms] [LOG] [Fast Refresh] done in 51ms @ http://localhost:3000/_next/static/chunks/node_modules_next_dist_1e8vcs8._.js:776
[  115787ms] [LOG] [Fast Refresh] done in 51ms @ http://localhost:3000/_next/static/chunks/node_modules_next_dist_1e8vcs8._.js:776
[  115849ms] [LOG] [Fast Refresh] done in 51ms @ http://localhost:3000/_next/static/chunks/node_modules_next_dist_1e8vcs8._.js:776
[  115911ms] [LOG] [Fast Refresh] done in 51ms @ http://localhost:3000/_next/static/chunks/node_modules_next_dist_1e8vcs8._.js:776
[  115973ms] [LOG] [Fast Refresh] done in 51ms @ http://localhost:3000/_next/static/chunks/node_modules_next_dist_1e8vcs8._.js:776
[  116036ms] [LOG] [Fast Refresh] done in 51ms @ http://localhost:3000/_next/static/chunks/node_modules_next_dist_1e8vcs8._.js:776
[  116099ms] [LOG] [Fast Refresh] done in 51ms @ http://localhost:3000/_next/static/chunks/node_modules_next_dist_1e8vcs8._.js:776
[  116162ms] [LOG] [Fast Refresh] done in 51ms @ http://localhost:3000/_next/static/chunks/node_modules_next_dist_1e8vcs8._.js:776
[  116224ms] [LOG] [Fast Refresh] done in 51ms @ http://localhost:3000/_next/static/chunks/node_modules_next_dist_1e8vcs8._.js:776
[  116286ms] [LOG] [Fast Refresh] done in 51ms @ http://localhost:3000/_next/static/chunks/node_modules_next_dist_1e8vcs8._.js:776
[  116348ms] [LOG] [Fast Refresh] done in 51ms @ http://localhost:3000/_next/static/chunks/node_modules_next_dist_1e8vcs8._.js:776
[  116411ms] [LOG] [Fast Refresh] done in 51ms @ http://localhost:3000/_next/static/chunks/node_modules_next_dist_1e8vcs8._.js:776
[  116473ms] [LOG] [Fast Refresh] done in 51ms @ http://localhost:3000/_next/static/chunks/node_modules_next_dist_1e8vcs8._.js:776
[  116535ms] [LOG] [Fast Refresh] done in 51ms @ http://localhost:3000/_next/static/chunks/node_modules_next_dist_1e8vcs8._.js:776
[  116597ms] [LOG] [Fast Refresh] done in 51ms @ http://localhost:3000/_next/static/chunks/node_modules_next_dist_1e8vcs8._.js:776
[  116659ms] [LOG] [Fast Refresh] done in 51ms @ http://localhost:3000/_next/static/chunks/node_modules_next_dist_1e8vcs8._.js:776
[  116720ms] [LOG] [Fast Refresh] done in 51ms @ http://localhost:3000/_next/static/chunks/node_modules_next_dist_1e8vcs8._.js:776
[  116783ms] [LOG] [Fast Refresh] done in 51ms @ http://localhost:3000/_next/static/chunks/node_modules_next_dist_1e8vcs8._.js:776
[  116845ms] [LOG] [Fast Refresh] done in 51ms @ http://localhost:3000/_next/static/chunks/node_modules_next_dist_1e8vcs8._.js:776
[  116906ms] [LOG] [Fast Refresh] done in 51ms @ http://localhost:3000/_next/static/chunks/node_modules_next_dist_1e8vcs8._.js:776
[  116968ms] [LOG] [Fast Refresh] done in 51ms @ http://localhost:3000/_next/static/chunks/node_modules_next_dist_1e8vcs8._.js:776
[  117030ms] [LOG] [Fast Refresh] done in 51ms @ http://localhost:3000/_next/static/chunks/node_modules_next_dist_1e8vcs8._.js:776
[  117092ms] [LOG] [Fast Refresh] done in 51ms @ http://localhost:3000/_next/static/chunks/node_modules_next_dist_1e8vcs8._.js:776
[  117155ms] [LOG] [Fast Refresh] done in 51ms @ http://localhost:3000/_next/static/chunks/node_modules_next_dist_1e8vcs8._.js:776
[  117219ms] [LOG] [Fast Refresh] done in 51ms @ http://localhost:3000/_next/static/chunks/node_modules_next_dist_1e8vcs8._.js:776
[  117283ms] [LOG] [Fast Refresh] done in 51ms @ http://localhost:3000/_next/static/chunks/node_modules_next_dist_1e8vcs8._.js:776
[  117344ms] [LOG] [Fast Refresh] done in 51ms @ http://localhost:3000/_next/static/chunks/node_modules_next_dist_1e8vcs8._.js:776
[  117406ms] [LOG] [Fast Refresh] done in 51ms @ http://localhost:3000/_next/static/chunks/node_modules_next_dist_1e8vcs8._.js:776
[  117469ms] [LOG] [Fast Refresh] done in 51ms @ http://localhost:3000/_next/static/chunks/node_modules_next_dist_1e8vcs8._.js:776
[  117530ms] [LOG] [Fast Refresh] done in 51ms @ http://localhost:3000/_next/static/chunks/node_modules_next_dist_1e8vcs8._.js:776
[  117593ms] [LOG] [Fast Refresh] done in 51ms @ http://localhost:3000/_next/static/chunks/node_modules_next_dist_1e8vcs8._.js:776
[  117655ms] [LOG] [Fast Refresh] done in 51ms @ http://localhost:3000/_next/static/chunks/node_modules_next_dist_1e8vcs8._.js:776
[  117718ms] [LOG] [Fast Refresh] done in 51ms @ http://localhost:3000/_next/static/chunks/node_modules_next_dist_1e8vcs8._.js:776
[  117779ms] [LOG] [Fast Refresh] done in 51ms @ http://localhost:3000/_next/static/chunks/node_modules_next_dist_1e8vcs8._.js:776
[  117842ms] [LOG] [Fast Refresh] done in 51ms @ http://localhost:3000/_next/static/chunks/node_modules_next_dist_1e8vcs8._.js:776
[  117904ms] [LOG] [Fast Refresh] done in 51ms @ http://localhost:3000/_next/static/chunks/node_modules_next_dist_1e8vcs8._.js:776
[  117966ms] [LOG] [Fast Refresh] done in 51ms @ http://localhost:3000/_next/static/chunks/node_modules_next_dist_1e8vcs8._.js:776
[  118027ms] [LOG] [Fast Refresh] done in 51ms @ http://localhost:3000/_next/static/chunks/node_modules_next_dist_1e8vcs8._.js:776
[  118091ms] [LOG] [Fast Refresh] done in 51ms @ http://localhost:3000/_next/static/chunks/node_modules_next_dist_1e8vcs8._.js:776
[  118153ms] [LOG] [Fast Refresh] done in 51ms @ http://localhost:3000/_next/static/chunks/node_modules_next_dist_1e8vcs8._.js:776
[  118216ms] [LOG] [Fast Refresh] done in 51ms @ http://localhost:3000/_next/static/chunks/node_modules_next_dist_1e8vcs8._.js:776
[  118279ms] [LOG] [Fast Refresh] done in 51ms @ http://localhost:3000/_next/static/chunks/node_modules_next_dist_1e8vcs8._.js:776
[  118341ms] [LOG] [Fast Refresh] done in 51ms @ http://localhost:3000/_next/static/chunks/node_modules_next_dist_1e8vcs8._.js:776
[  118403ms] [LOG] [Fast Refresh] done in 51ms @ http://localhost:3000/_next/static/chunks/node_modules_next_dist_1e8vcs8._.js:776
[  118465ms] [LOG] [Fast Refresh] done in 51ms @ http://localhost:3000/_next/static/chunks/node_modules_next_dist_1e8vcs8._.js:776
[  118529ms] [LOG] [Fast Refresh] done in 51ms @ http://localhost:3000/_next/static/chunks/node_modules_next_dist_1e8vcs8._.js:776
[  118589ms] [LOG] [Fast Refresh] done in 51ms @ http://localhost:3000/_next/static/chunks/node_modules_next_dist_1e8vcs8._.js:776
[  118651ms] [LOG] [Fast Refresh] done in 51ms @ http://localhost:3000/_next/static/chunks/node_modules_next_dist_1e8vcs8._.js:776
[  118715ms] [LOG] [Fast Refresh] done in 51ms @ http://localhost:3000/_next/static/chunks/node_modules_next_dist_1e8vcs8._.js:776
[  118776ms] [LOG] [Fast Refresh] done in 51ms @ http://localhost:3000/_next/static/chunks/node_modules_next_dist_1e8vcs8._.js:776
[  118839ms] [LOG] [Fast Refresh] done in 51ms @ http://localhost:3000/_next/static/chunks/node_modules_next_dist_1e8vcs8._.js:776
[  118899ms] [LOG] [Fast Refresh] done in 51ms @ http://localhost:3000/_next/static/chunks/node_modules_next_dist_1e8vcs8._.js:776
[  118961ms] [LOG] [Fast Refresh] done in 51ms @ http://localhost:3000/_next/static/chunks/node_modules_next_dist_1e8vcs8._.js:776
[  119024ms] [LOG] [Fast Refresh] done in 51ms @ http://localhost:3000/_next/static/chunks/node_modules_next_dist_1e8vcs8._.js:776
[  119087ms] [LOG] [Fast Refresh] done in 51ms @ http://localhost:3000/_next/static/chunks/node_modules_next_dist_1e8vcs8._.js:776
[  119149ms] [LOG] [Fast Refresh] done in 51ms @ http://localhost:3000/_next/static/chunks/node_modules_next_dist_1e8vcs8._.js:776
[  119212ms] [LOG] [Fast Refresh] done in 51ms @ http://localhost:3000/_next/static/chunks/node_modules_next_dist_1e8vcs8._.js:776
[  119274ms] [LOG] [Fast Refresh] done in 51ms @ http://localhost:3000/_next/static/chunks/node_modules_next_dist_1e8vcs8._.js:776
[  119336ms] [LOG] [Fast Refresh] done in 51ms @ http://localhost:3000/_next/static/chunks/node_modules_next_dist_1e8vcs8._.js:776
[  119397ms] [LOG] [Fast Refresh] done in 51ms @ http://localhost:3000/_next/static/chunks/node_modules_next_dist_1e8vcs8._.js:776
[  119459ms] [LOG] [Fast Refresh] done in 51ms @ http://localhost:3000/_next/static/chunks/node_modules_next_dist_1e8vcs8._.js:776
[  119522ms] [LOG] [Fast Refresh] done in 51ms @ http://localhost:3000/_next/static/chunks/node_modules_next_dist_1e8vcs8._.js:776
[  119586ms] [LOG] [Fast Refresh] done in 51ms @ http://localhost:3000/_next/static/chunks/node_modules_next_dist_1e8vcs8._.js:776
[  119648ms] [LOG] [Fast Refresh] done in 51ms @ http://localhost:3000/_next/static/chunks/node_modules_next_dist_1e8vcs8._.js:776
[  119711ms] [LOG] [Fast Refresh] done in 51ms @ http://localhost:3000/_next/static/chunks/node_modules_next_dist_1e8vcs8._.js:776
[  119772ms] [LOG] [Fast Refresh] done in 51ms @ http://localhost:3000/_next/static/chunks/node_modules_next_dist_1e8vcs8._.js:776
[  119835ms] [LOG] [Fast Refresh] done in 51ms @ http://localhost:3000/_next/static/chunks/node_modules_next_dist_1e8vcs8._.js:776
[  119898ms] [LOG] [Fast Refresh] done in 51ms @ http://localhost:3000/_next/static/chunks/node_modules_next_dist_1e8vcs8._.js:776
[  119962ms] [LOG] [Fast Refresh] done in 51ms @ http://localhost:3000/_next/static/chunks/node_modules_next_dist_1e8vcs8._.js:776
[  120024ms] [LOG] [Fast Refresh] done in 51ms @ http://localhost:3000/_next/static/chunks/node_modules_next_dist_1e8vcs8._.js:776
[  120087ms] [LOG] [Fast Refresh] done in 51ms @ http://localhost:3000/_next/static/chunks/node_modules_next_dist_1e8vcs8._.js:776
[  120149ms] [LOG] [Fast Refresh] done in 51ms @ http://localhost:3000/_next/static/chunks/node_modules_next_dist_1e8vcs8._.js:776
[  120209ms] [LOG] [Fast Refresh] done in 51ms @ http://localhost:3000/_next/static/chunks/node_modules_next_dist_1e8vcs8._.js:776
[  120271ms] [LOG] [Fast Refresh] done in 51ms @ http://localhost:3000/_next/static/chunks/node_modules_next_dist_1e8vcs8._.js:776
[  120331ms] [LOG] [Fast Refresh] done in 51ms @ http://localhost:3000/_next/static/chunks/node_modules_next_dist_1e8vcs8._.js:776
[  120393ms] [LOG] [Fast Refresh] done in 51ms @ http://localhost:3000/_next/static/chunks/node_modules_next_dist_1e8vcs8._.js:776
[  120455ms] [LOG] [Fast Refresh] done in 51ms @ http://localhost:3000/_next/static/chunks/node_modules_next_dist_1e8vcs8._.js:776
[  120515ms] [LOG] [Fast Refresh] done in 51ms @ http://localhost:3000/_next/static/chunks/node_modules_next_dist_1e8vcs8._.js:776
[  120577ms] [LOG] [Fast Refresh] done in 51ms @ http://localhost:3000/_next/static/chunks/node_modules_next_dist_1e8vcs8._.js:776
[  120638ms] [LOG] [Fast Refresh] done in 51ms @ http://localhost:3000/_next/static/chunks/node_modules_next_dist_1e8vcs8._.js:776
[  120700ms] [LOG] [Fast Refresh] done in 51ms @ http://localhost:3000/_next/static/chunks/node_modules_next_dist_1e8vcs8._.js:776
[  120762ms] [LOG] [Fast Refresh] done in 51ms @ http://localhost:3000/_next/static/chunks/node_modules_next_dist_1e8vcs8._.js:776
[  120824ms] [LOG] [Fast Refresh] done in 51ms @ http://localhost:3000/_next/static/chunks/node_modules_next_dist_1e8vcs8._.js:776
[  120887ms] [LOG] [Fast Refresh] done in 51ms @ http://localhost:3000/_next/static/chunks/node_modules_next_dist_1e8vcs8._.js:776
[  120949ms] [LOG] [Fast Refresh] done in 51ms @ http://localhost:3000/_next/static/chunks/node_modules_next_dist_1e8vcs8._.js:776
[  121010ms] [LOG] [Fast Refresh] done in 51ms @ http://localhost:3000/_next/static/chunks/node_modules_next_dist_1e8vcs8._.js:776
[  121071ms] [LOG] [Fast Refresh] done in 51ms @ http://localhost:3000/_next/static/chunks/node_modules_next_dist_1e8vcs8._.js:776
[  121131ms] [LOG] [Fast Refresh] done in 51ms @ http://localhost:3000/_next/static/chunks/node_modules_next_dist_1e8vcs8._.js:776
[  121193ms] [LOG] [Fast Refresh] done in 51ms @ http://localhost:3000/_next/static/chunks/node_modules_next_dist_1e8vcs8._.js:776
[  121255ms] [LOG] [Fast Refresh] done in 51ms @ http://localhost:3000/_next/static/chunks/node_modules_next_dist_1e8vcs8._.js:776
[  121317ms] [LOG] [Fast Refresh] done in 51ms @ http://localhost:3000/_next/static/chunks/node_modules_next_dist_1e8vcs8._.js:776
[  121379ms] [LOG] [Fast Refresh] done in 51ms @ http://localhost:3000/_next/static/chunks/node_modules_next_dist_1e8vcs8._.js:776
[  121441ms] [LOG] [Fast Refresh] done in 51ms @ http://localhost:3000/_next/static/chunks/node_modules_next_dist_1e8vcs8._.js:776
[  121503ms] [LOG] [Fast Refresh] done in 51ms @ http://localhost:3000/_next/static/chunks/node_modules_next_dist_1e8vcs8._.js:776
[  121564ms] [LOG] [Fast Refresh] done in 51ms @ http://localhost:3000/_next/static/chunks/node_modules_next_dist_1e8vcs8._.js:776
[  121626ms] [LOG] [Fast Refresh] done in 51ms @ http://localhost:3000/_next/static/chunks/node_modules_next_dist_1e8vcs8._.js:776
[  121686ms] [LOG] [Fast Refresh] done in 51ms @ http://localhost:3000/_next/static/chunks/node_modules_next_dist_1e8vcs8._.js:776
[  121749ms] [LOG] [Fast Refresh] done in 51ms @ http://localhost:3000/_next/static/chunks/node_modules_next_dist_1e8vcs8._.js:776
[  121812ms] [LOG] [Fast Refresh] done in 51ms @ http://localhost:3000/_next/static/chunks/node_modules_next_dist_1e8vcs8._.js:776
[  121873ms] [LOG] [Fast Refresh] done in 51ms @ http://localhost:3000/_next/static/chunks/node_modules_next_dist_1e8vcs8._.js:776
[  121934ms] [LOG] [Fast Refresh] done in 51ms @ http://localhost:3000/_next/static/chunks/node_modules_next_dist_1e8vcs8._.js:776
[  121996ms] [LOG] [Fast Refresh] done in 51ms @ http://localhost:3000/_next/static/chunks/node_modules_next_dist_1e8vcs8._.js:776
[  122060ms] [LOG] [Fast Refresh] done in 51ms @ http://localhost:3000/_next/static/chunks/node_modules_next_dist_1e8vcs8._.js:776
[  122121ms] [LOG] [Fast Refresh] done in 51ms @ http://localhost:3000/_next/static/chunks/node_modules_next_dist_1e8vcs8._.js:776
[  122184ms] [LOG] [Fast Refresh] done in 51ms @ http://localhost:3000/_next/static/chunks/node_modules_next_dist_1e8vcs8._.js:776
[  122246ms] [LOG] [Fast Refresh] done in 51ms @ http://localhost:3000/_next/static/chunks/node_modules_next_dist_1e8vcs8._.js:776
[  122310ms] [LOG] [Fast Refresh] done in 51ms @ http://localhost:3000/_next/static/chunks/node_modules_next_dist_1e8vcs8._.js:776
[  122372ms] [LOG] [Fast Refresh] done in 51ms @ http://localhost:3000/_next/static/chunks/node_modules_next_dist_1e8vcs8._.js:776
[  122434ms] [LOG] [Fast Refresh] done in 51ms @ http://localhost:3000/_next/static/chunks/node_modules_next_dist_1e8vcs8._.js:776
[  122496ms] [LOG] [Fast Refresh] done in 51ms @ http://localhost:3000/_next/static/chunks/node_modules_next_dist_1e8vcs8._.js:776
[  122558ms] [LOG] [Fast Refresh] done in 51ms @ http://localhost:3000/_next/static/chunks/node_modules_next_dist_1e8vcs8._.js:776
[  122619ms] [LOG] [Fast Refresh] done in 51ms @ http://localhost:3000/_next/static/chunks/node_modules_next_dist_1e8vcs8._.js:776
[  122682ms] [LOG] [Fast Refresh] done in 51ms @ http://localhost:3000/_next/static/chunks/node_modules_next_dist_1e8vcs8._.js:776
[  122744ms] [LOG] [Fast Refresh] done in 51ms @ http://localhost:3000/_next/static/chunks/node_modules_next_dist_1e8vcs8._.js:776
[  122807ms] [LOG] [Fast Refresh] done in 51ms @ http://localhost:3000/_next/static/chunks/node_modules_next_dist_1e8vcs8._.js:776
[  122870ms] [LOG] [Fast Refresh] done in 51ms @ http://localhost:3000/_next/static/chunks/node_modules_next_dist_1e8vcs8._.js:776
[  122933ms] [LOG] [Fast Refresh] done in 51ms @ http://localhost:3000/_next/static/chunks/node_modules_next_dist_1e8vcs8._.js:776
[  122995ms] [LOG] [Fast Refresh] done in 51ms @ http://localhost:3000/_next/static/chunks/node_modules_next_dist_1e8vcs8._.js:776
[  123058ms] [LOG] [Fast Refresh] done in 51ms @ http://localhost:3000/_next/static/chunks/node_modules_next_dist_1e8vcs8._.js:776
[  123119ms] [LOG] [Fast Refresh] done in 51ms @ http://localhost:3000/_next/static/chunks/node_modules_next_dist_1e8vcs8._.js:776
[  123181ms] [LOG] [Fast Refresh] done in 51ms @ http://localhost:3000/_next/static/chunks/node_modules_next_dist_1e8vcs8._.js:776
[  123242ms] [LOG] [Fast Refresh] done in 51ms @ http://localhost:3000/_next/static/chunks/node_modules_next_dist_1e8vcs8._.js:776
[  123307ms] [LOG] [Fast Refresh] done in 51ms @ http://localhost:3000/_next/static/chunks/node_modules_next_dist_1e8vcs8._.js:776
[  123369ms] [LOG] [Fast Refresh] done in 51ms @ http://localhost:3000/_next/static/chunks/node_modules_next_dist_1e8vcs8._.js:776
[  123431ms] [LOG] [Fast Refresh] done in 51ms @ http://localhost:3000/_next/static/chunks/node_modules_next_dist_1e8vcs8._.js:776
[  123493ms] [LOG] [Fast Refresh] done in 51ms @ http://localhost:3000/_next/static/chunks/node_modules_next_dist_1e8vcs8._.js:776
[  123555ms] [LOG] [Fast Refresh] done in 51ms @ http://localhost:3000/_next/static/chunks/node_modules_next_dist_1e8vcs8._.js:776
[  123620ms] [LOG] [Fast Refresh] done in 51ms @ http://localhost:3000/_next/static/chunks/node_modules_next_dist_1e8vcs8._.js:776
[  123682ms] [LOG] [Fast Refresh] done in 51ms @ http://localhost:3000/_next/static/chunks/node_modules_next_dist_1e8vcs8._.js:776
[  123746ms] [LOG] [Fast Refresh] done in 51ms @ http://localhost:3000/_next/static/chunks/node_modules_next_dist_1e8vcs8._.js:776
[  123808ms] [LOG] [Fast Refresh] done in 51ms @ http://localhost:3000/_next/static/chunks/node_modules_next_dist_1e8vcs8._.js:776
[  123870ms] [LOG] [Fast Refresh] done in 51ms @ http://localhost:3000/_next/static/chunks/node_modules_next_dist_1e8vcs8._.js:776
[  123932ms] [LOG] [Fast Refresh] done in 51ms @ http://localhost:3000/_next/static/chunks/node_modules_next_dist_1e8vcs8._.js:776
[  123995ms] [LOG] [Fast Refresh] done in 51ms @ http://localhost:3000/_next/static/chunks/node_modules_next_dist_1e8vcs8._.js:776
[  124058ms] [LOG] [Fast Refresh] done in 51ms @ http://localhost:3000/_next/static/chunks/node_modules_next_dist_1e8vcs8._.js:776
[  124121ms] [LOG] [Fast Refresh] done in 51ms @ http://localhost:3000/_next/static/chunks/node_modules_next_dist_1e8vcs8._.js:776
[  124184ms] [LOG] [Fast Refresh] done in 51ms @ http://localhost:3000/_next/static/chunks/node_modules_next_dist_1e8vcs8._.js:776
[  124246ms] [LOG] [Fast Refresh] done in 51ms @ http://localhost:3000/_next/static/chunks/node_modules_next_dist_1e8vcs8._.js:776
[  124309ms] [LOG] [Fast Refresh] done in 51ms @ http://localhost:3000/_next/static/chunks/node_modules_next_dist_1e8vcs8._.js:776
[  124372ms] [LOG] [Fast Refresh] done in 51ms @ http://localhost:3000/_next/static/chunks/node_modules_next_dist_1e8vcs8._.js:776
[  124434ms] [LOG] [Fast Refresh] done in 51ms @ http://localhost:3000/_next/static/chunks/node_modules_next_dist_1e8vcs8._.js:776
[  124496ms] [LOG] [Fast Refresh] done in 51ms @ http://localhost:3000/_next/static/chunks/node_modules_next_dist_1e8vcs8._.js:776
[  124557ms] [LOG] [Fast Refresh] done in 51ms @ http://localhost:3000/_next/static/chunks/node_modules_next_dist_1e8vcs8._.js:776
[  124619ms] [LOG] [Fast Refresh] done in 51ms @ http://localhost:3000/_next/static/chunks/node_modules_next_dist_1e8vcs8._.js:776
[  124682ms] [LOG] [Fast Refresh] done in 51ms @ http://localhost:3000/_next/static/chunks/node_modules_next_dist_1e8vcs8._.js:776
[  124744ms] [LOG] [Fast Refresh] done in 51ms @ http://localhost:3000/_next/static/chunks/node_modules_next_dist_1e8vcs8._.js:776
[  124793ms] [LOG] [Fast Refresh] done in 51ms @ http://localhost:3000/_next/static/chunks/node_modules_next_dist_1e8vcs8._.js:776
[  124853ms] [LOG] [Fast Refresh] done in 51ms @ http://localhost:3000/_next/static/chunks/node_modules_next_dist_1e8vcs8._.js:776
[  124915ms] [LOG] [Fast Refresh] done in 51ms @ http://localhost:3000/_next/static/chunks/node_modules_next_dist_1e8vcs8._.js:776
[  124976ms] [LOG] [Fast Refresh] done in 51ms @ http://localhost:3000/_next/static/chunks/node_modules_next_dist_1e8vcs8._.js:776
[  125040ms] [LOG] [Fast Refresh] done in 51ms @ http://localhost:3000/_next/static/chunks/node_modules_next_dist_1e8vcs8._.js:776
[  125103ms] [LOG] [Fast Refresh] done in 51ms @ http://localhost:3000/_next/static/chunks/node_modules_next_dist_1e8vcs8._.js:776
[  125163ms] [LOG] [Fast Refresh] done in 51ms @ http://localhost:3000/_next/static/chunks/node_modules_next_dist_1e8vcs8._.js:776
[  125225ms] [LOG] [Fast Refresh] done in 51ms @ http://localhost:3000/_next/static/chunks/node_modules_next_dist_1e8vcs8._.js:776
[  125288ms] [LOG] [Fast Refresh] done in 51ms @ http://localhost:3000/_next/static/chunks/node_modules_next_dist_1e8vcs8._.js:776
[  125351ms] [LOG] [Fast Refresh] done in 51ms @ http://localhost:3000/_next/static/chunks/node_modules_next_dist_1e8vcs8._.js:776
[  125413ms] [LOG] [Fast Refresh] done in 51ms @ http://localhost:3000/_next/static/chunks/node_modules_next_dist_1e8vcs8._.js:776
[  125476ms] [LOG] [Fast Refresh] done in 51ms @ http://localhost:3000/_next/static/chunks/node_modules_next_dist_1e8vcs8._.js:776
[  125537ms] [LOG] [Fast Refresh] done in 51ms @ http://localhost:3000/_next/static/chunks/node_modules_next_dist_1e8vcs8._.js:776
[  125599ms] [LOG] [Fast Refresh] done in 51ms @ http://localhost:3000/_next/static/chunks/node_modules_next_dist_1e8vcs8._.js:776
[  125662ms] [LOG] [Fast Refresh] done in 51ms @ http://localhost:3000/_next/static/chunks/node_modules_next_dist_1e8vcs8._.js:776
[  125726ms] [LOG] [Fast Refresh] done in 51ms @ http://localhost:3000/_next/static/chunks/node_modules_next_dist_1e8vcs8._.js:776
[  125789ms] [LOG] [Fast Refresh] done in 51ms @ http://localhost:3000/_next/static/chunks/node_modules_next_dist_1e8vcs8._.js:776
[  125851ms] [LOG] [Fast Refresh] done in 51ms @ http://localhost:3000/_next/static/chunks/node_modules_next_dist_1e8vcs8._.js:776
[  125913ms] [LOG] [Fast Refresh] done in 51ms @ http://localhost:3000/_next/static/chunks/node_modules_next_dist_1e8vcs8._.js:776
[  125975ms] [LOG] [Fast Refresh] done in 51ms @ http://localhost:3000/_next/static/chunks/node_modules_next_dist_1e8vcs8._.js:776
[  126038ms] [LOG] [Fast Refresh] done in 51ms @ http://localhost:3000/_next/static/chunks/node_modules_next_dist_1e8vcs8._.js:776
[  126099ms] [LOG] [Fast Refresh] done in 51ms @ http://localhost:3000/_next/static/chunks/node_modules_next_dist_1e8vcs8._.js:776
[  126162ms] [LOG] [Fast Refresh] done in 51ms @ http://localhost:3000/_next/static/chunks/node_modules_next_dist_1e8vcs8._.js:776
[  126226ms] [LOG] [Fast Refresh] done in 51ms @ http://localhost:3000/_next/static/chunks/node_modules_next_dist_1e8vcs8._.js:776
[  126286ms] [LOG] [Fast Refresh] done in 51ms @ http://localhost:3000/_next/static/chunks/node_modules_next_dist_1e8vcs8._.js:776
[  126350ms] [LOG] [Fast Refresh] done in 51ms @ http://localhost:3000/_next/static/chunks/node_modules_next_dist_1e8vcs8._.js:776
[  126412ms] [LOG] [Fast Refresh] done in 51ms @ http://localhost:3000/_next/static/chunks/node_modules_next_dist_1e8vcs8._.js:776
[  126476ms] [LOG] [Fast Refresh] done in 51ms @ http://localhost:3000/_next/static/chunks/node_modules_next_dist_1e8vcs8._.js:776
[  126539ms] [LOG] [Fast Refresh] done in 51ms @ http://localhost:3000/_next/static/chunks/node_modules_next_dist_1e8vcs8._.js:776
[  126601ms] [LOG] [Fast Refresh] done in 51ms @ http://localhost:3000/_next/static/chunks/node_modules_next_dist_1e8vcs8._.js:776
[  126664ms] [LOG] [Fast Refresh] done in 51ms @ http://localhost:3000/_next/static/chunks/node_modules_next_dist_1e8vcs8._.js:776
[  126727ms] [LOG] [Fast Refresh] done in 51ms @ http://localhost:3000/_next/static/chunks/node_modules_next_dist_1e8vcs8._.js:776
[  126790ms] [LOG] [Fast Refresh] done in 51ms @ http://localhost:3000/_next/static/chunks/node_modules_next_dist_1e8vcs8._.js:776
[  126853ms] [LOG] [Fast Refresh] done in 51ms @ http://localhost:3000/_next/static/chunks/node_modules_next_dist_1e8vcs8._.js:776
[  126915ms] [LOG] [Fast Refresh] done in 51ms @ http://localhost:3000/_next/static/chunks/node_modules_next_dist_1e8vcs8._.js:776
[  126977ms] [LOG] [Fast Refresh] done in 51ms @ http://localhost:3000/_next/static/chunks/node_modules_next_dist_1e8vcs8._.js:776
[  127038ms] [LOG] [Fast Refresh] done in 51ms @ http://localhost:3000/_next/static/chunks/node_modules_next_dist_1e8vcs8._.js:776
[  127100ms] [LOG] [Fast Refresh] done in 51ms @ http://localhost:3000/_next/static/chunks/node_modules_next_dist_1e8vcs8._.js:776
